customer_id,customer_segment,state,city,registration_date,marketing_opt_in,customer_status
1,premium,RJ,cidade_rj_01,2023-01-11,False,active
2,mass,ES,cidade_es_02,2023-07-28,True,active
3,premium,MG,cidade_mg_03,2024-10-04,True,active
4,mass,RJ,cidade_rj_04,2021-07-31,True,active
5,mass,SP,cidade_sp_05,2024-03-30,False,active
6,mass,SC,cidade_sc_06,2024-10-31,True,active
7,mass,PE,cidade_pe_07,2020-08-05,True,active
8,premium,PR,cidade_pr_08,2021-03-07,True,active
9,mass,GO,cidade_go_09,2023-11-04,True,active
10,mass,PR,cidade_pr_10,2024-05-07,True,active
11,premium,SP,cidade_sp_11,2021-01-02,True,inactive
12,premium,PR,cidade_pr_12,2022-06-28,True,active
13,mass,PR,cidade_pr_13,2021-05-09,True,active
14,mass,SC,cidade_sc_14,2024-08-07,True,inactive
15,mass,MG,cidade_mg_15,2024-12-22,False,inactive
16,mass,SP,cidade_sp_16,2020-09-04,True,active
17,mass,PR,cidade_pr_17,2023-07-04,True,active
18,mass,SP,cidade_sp_18,2020-10-24,True,active
19,mass,MG,cidade_mg_19,2023-07-02,False,active
20,mass,SC,cidade_sc_20,2022-08-15,True,active
21,mass,BA,cidade_ba_01,2022-07-04,False,active
22,mass,RJ,cidade_rj_02,2021-06-30,True,active
23,mass,SP,cidade_sp_03,2023-11-03,True,active
24,mass,PE,cidade_pe_04,2022-11-08,False,active
25,premium,SC,cidade_sc_05,2022-12-15,True,active
26,mass,MG,cidade_mg_06,2022-12-29,True,active
27,mass,SP,cidade_sp_07,2020-06-04,False,active
28,mass,ES,cidade_es_08,2023-08-12,True,active
29,mass,RJ,cidade_rj_09,2024-11-03,True,inactive
30,mass,RJ,cidade_rj_10,2020-02-23,False,active
31,mass,SC,cidade_sc_11,2020-11-28,True,active
32,premium,SC,cidade_sc_12,2021-08-22,False,active
33,corporate,RJ,cidade_rj_13,2022-05-02,False,active
34,premium,PR,cidade_pr_14,2021-04-16,True,active
35,mass,SP,cidade_sp_15,2024-06-22,True,active
36,mass,PR,cidade_pr_16,2023-08-16,False,inactive
37,mass,SC,cidade_sc_17,2023-03-24,False,active
38,mass,MG,cidade_mg_18,2024-12-08,True,active
39,mass,PR,cidade_pr_19,2023-03-28,True,active
40,premium,PR,cidade_pr_20,2020-07-23,True,active
41,mass,BA,cidade_ba_01,2024-05-31,True,active
42,mass,MG,cidade_mg_02,2023-02-13,False,active
43,mass,GO,cidade_go_03,2020-06-02,True,active
44,mass,RS,cidade_rs_04,2023-01-31,True,inactive
45,mass,MG,cidade_mg_05,2023-03-28,True,active
46,premium,SP,cidade_sp_06,2022-12-30,False,active
47,mass,RJ,cidade_rj_07,2021-08-03,False,active
48,premium,RJ,cidade_rj_08,2022-03-03,True,active
49,mass,MG,cidade_mg_09,2021-01-05,True,active
50,mass,SP,cidade_sp_10,2022-08-13,True,inactive
51,mass,PR,cidade_pr_11,2024-12-21,True,active
52,mass,SP,cidade_sp_12,2023-08-30,True,active
53,premium,MG,cidade_mg_13,2021-06-21,True,active
54,mass,PR,cidade_pr_14,2023-02-23,True,active
55,mass,SC,cidade_sc_15,2021-09-27,True,active
56,mass,PR,cidade_pr_16,2023-12-03,True,active
57,mass,PR,cidade_pr_17,2022-07-02,False,active
58,mass,ES,cidade_es_18,2023-10-24,True,active
59,premium,GO,cidade_go_19,2023-07-08,False,inactive
60,corporate,RJ,cidade_rj_20,2023-08-24,True,active
61,mass,MG,cidade_mg_01,2024-08-20,True,active
62,premium,MG,cidade_mg_02,2024-03-13,False,active
63,mass,SP,cidade_sp_03,2022-03-30,False,active
64,mass,PE,cidade_pe_04,2024-03-19,False,active
65,mass,PR,cidade_pr_05,2023-04-21,True,active
66,mass,SP,cidade_sp_06,2021-01-01,True,active
67,mass,PR,cidade_pr_07,2021-02-25,False,active
68,mass,RJ,cidade_rj_08,2023-07-17,True,active
69,corporate,SP,cidade_sp_09,2020-02-17,True,active
70,mass,GO,cidade_go_10,2024-06-24,True,active
71,mass,PR,cidade_pr_11,2020-06-12,True,active
72,mass,RJ,cidade_rj_12,2023-07-08,True,active
73,premium,SP,cidade_sp_13,2020-06-28,True,active
74,mass,PR,cidade_pr_14,2021-04-26,False,active
75,mass,MG,cidade_mg_15,2022-08-03,True,active
76,mass,GO,cidade_go_16,2021-09-30,False,active
77,premium,SP,cidade_sp_17,2020-04-18,False,active
78,mass,PR,cidade_pr_18,2021-01-28,False,active
79,mass,RJ,cidade_rj_19,2024-05-24,True,active
80,mass,RJ,cidade_rj_20,2021-01-23,True,active
81,mass,PE,cidade_pe_01,2021-09-27,True,active
82,mass,ES,cidade_es_02,2020-05-01,True,active
83,corporate,RS,cidade_rs_03,2024-08-02,False,active
84,corporate,RS,cidade_rs_04,2024-01-28,True,active
85,corporate,PR,cidade_pr_05,2024-04-24,False,active
86,premium,RS,cidade_rs_06,2022-04-09,True,active
87,premium,RJ,cidade_rj_07,2021-12-27,True,active
88,premium,RS,cidade_rs_08,2022-08-10,True,active
89,premium,ES,cidade_es_09,2020-10-07,True,active
90,corporate,SC,cidade_sc_10,2023-11-25,False,active
91,mass,SP,cidade_sp_11,2020-07-04,False,active
92,premium,MG,cidade_mg_12,2022-04-03,True,active
93,premium,RJ,cidade_rj_13,2021-02-12,True,active
94,mass,BA,cidade_ba_14,2020-01-10,False,active
95,mass,GO,cidade_go_15,2024-01-11,True,active
96,premium,PE,cidade_pe_16,2021-01-01,True,active
97,mass,BA,cidade_ba_17,2022-04-07,True,active
98,mass,RS,cidade_rs_18,2020-07-31,True,active
99,corporate,MG,cidade_mg_19,2023-09-30,False,active
100,mass,RJ,cidade_rj_20,2021-04-11,False,active
101,mass,SP,cidade_sp_01,2022-12-12,True,active
102,mass,PR,cidade_pr_02,2023-02-14,True,active
103,mass,MG,cidade_mg_03,2023-10-31,False,active
104,mass,RJ,cidade_rj_04,2020-10-30,False,active
105,premium,SP,cidade_sp_05,2020-07-20,True,active
106,premium,SP,cidade_sp_06,2024-07-26,True,active
107,mass,SP,cidade_sp_07,2023-08-20,False,active
108,premium,RJ,cidade_rj_08,2021-07-20,True,active
109,corporate,SP,cidade_sp_09,2020-08-18,False,active
110,mass,PE,cidade_pe_10,2023-09-02,True,inactive
111,mass,ES,cidade_es_11,2023-06-15,False,active
112,mass,PR,cidade_pr_12,2020-07-04,False,active
113,premium,RJ,cidade_rj_13,2023-12-28,False,active
114,mass,RJ,cidade_rj_14,2024-03-16,True,active
115,premium,SP,cidade_sp_15,2024-02-10,True,active
116,premium,ES,cidade_es_16,2024-01-20,False,active
117,mass,SP,cidade_sp_17,2020-03-22,True,inactive
118,mass,SP,cidade_sp_18,2021-04-08,True,active
119,premium,SP,cidade_sp_19,2020-09-13,True,inactive
120,premium,GO,cidade_go_20,2020-06-12,True,active
121,mass,RS,cidade_rs_01,2024-01-02,True,active
122,mass,SP,cidade_sp_02,2020-01-17,True,active
123,mass,BA,cidade_ba_03,2021-10-06,True,active
124,mass,SP,cidade_sp_04,2024-03-02,True,active
125,mass,SP,cidade_sp_05,2021-07-07,True,active
126,premium,SP,cidade_sp_06,2023-12-10,True,active
127,mass,RJ,cidade_rj_07,2024-01-30,True,active
128,mass,GO,cidade_go_08,2020-04-06,False,active
129,mass,RJ,cidade_rj_09,2023-05-14,False,active
130,premium,SP,cidade_sp_10,2020-07-19,True,active
131,mass,MG,cidade_mg_11,2024-10-19,False,inactive
132,mass,MG,cidade_mg_12,2022-10-06,True,active
133,premium,ES,cidade_es_13,2024-12-26,True,inactive
134,mass,RS,cidade_rs_14,2021-04-04,False,active
135,mass,SP,cidade_sp_15,2024-02-24,True,active
136,mass,RJ,cidade_rj_16,2023-03-16,False,active
137,mass,MG,cidade_mg_17,2022-07-19,True,active
138,mass,SC,cidade_sc_18,2024-08-10,False,active
139,premium,SP,cidade_sp_19,2021-04-06,True,active
140,mass,SP,cidade_sp_20,2024-09-25,False,active
141,mass,SP,cidade_sp_01,2023-12-01,False,active
142,premium,SP,cidade_sp_02,2024-12-02,False,active
143,mass,SP,cidade_sp_03,2022-04-10,False,active
144,premium,GO,cidade_go_04,2023-05-13,True,active
145,mass,SC,cidade_sc_05,2020-01-21,False,active
146,mass,SP,cidade_sp_06,2020-05-24,False,active
147,mass,SP,cidade_sp_07,2021-05-21,False,active
148,corporate,PE,cidade_pe_08,2024-07-17,True,active
149,mass,PR,cidade_pr_09,2021-02-01,True,active
150,mass,SP,cidade_sp_10,2023-12-01,True,active
151,premium,SP,cidade_sp_11,2020-07-19,True,active
152,mass,SP,cidade_sp_12,2023-06-06,False,active
153,mass,SP,cidade_sp_13,2021-04-07,True,inactive
154,mass,RS,cidade_rs_14,2021-01-11,False,inactive
155,mass,SP,cidade_sp_15,2024-08-15,True,active
156,premium,SC,cidade_sc_16,2024-11-28,True,active
157,mass,SP,cidade_sp_17,2024-11-15,False,active
158,mass,SP,cidade_sp_18,2024-01-16,False,active
159,mass,SP,cidade_sp_19,2023-06-11,True,active
160,mass,SP,cidade_sp_20,2024-04-21,True,active
161,premium,RS,cidade_rs_01,2020-03-23,False,active
162,mass,SP,cidade_sp_02,2022-09-16,False,active
163,premium,PE,cidade_pe_03,2023-01-07,False,inactive
164,mass,RS,cidade_rs_04,2022-07-14,True,active
165,mass,MG,cidade_mg_05,2024-01-05,False,active
166,mass,SP,cidade_sp_06,2023-09-21,False,active
167,mass,RJ,cidade_rj_07,2022-12-21,False,active
168,premium,SP,cidade_sp_08,2021-04-04,False,inactive
169,mass,PE,cidade_pe_09,2023-06-18,True,active
170,mass,MG,cidade_mg_10,2022-11-03,True,active
171,mass,PR,cidade_pr_11,2020-05-07,False,active
172,premium,PR,cidade_pr_12,2024-01-19,True,active
173,mass,RJ,cidade_rj_13,2021-06-01,True,active
174,mass,SP,cidade_sp_14,2024-07-03,True,active
175,mass,SP,cidade_sp_15,2023-05-17,True,active
176,mass,SP,cidade_sp_16,2024-08-09,True,active
177,mass,ES,cidade_es_17,2022-02-05,False,active
178,mass,SP,cidade_sp_18,2022-07-27,True,inactive
179,mass,PR,cidade_pr_19,2020-11-21,True,active
180,mass,MG,cidade_mg_20,2024-12-24,True,active
181,mass,MG,cidade_mg_01,2022-10-21,True,active
182,mass,RS,cidade_rs_02,2020-01-20,False,active
183,mass,RJ,cidade_rj_03,2023-12-25,True,active
184,premium,RS,cidade_rs_04,2024-06-04,True,active
185,premium,RJ,cidade_rj_05,2021-01-09,True,active
186,mass,NA,cidade_sp_06,2023-12-03,True,active
187,mass,RS,cidade_rs_07,2022-11-21,True,active
188,mass,MG,cidade_mg_08,2020-08-15,False,active
189,mass,BA,cidade_ba_09,2024-01-30,False,inactive
190,premium,SP,cidade_sp_10,2023-11-29,True,active
191,corporate,SP,cidade_sp_11,2020-07-08,False,active
192,mass,GO,cidade_go_12,2023-09-10,True,active
193,premium,SP,cidade_sp_13,2024-05-01,True,inactive
194,mass,SC,cidade_sc_14,2024-04-23,True,active
195,premium,BA,cidade_ba_15,2020-07-18,True,active
196,mass,GO,cidade_go_16,2024-09-19,True,active
197,mass,SC,cidade_sc_17,2021-05-17,False,active
198,premium,SP,cidade_sp_18,2023-05-24,False,active
199,mass,RJ,cidade_rj_19,2024-11-25,False,active
200,corporate,SP,cidade_sp_20,2020-04-14,True,active
201,mass,RJ,cidade_rj_01,2024-03-29,True,inactive
202,mass,RJ,cidade_rj_02,2023-09-11,False,active
203,mass,SC,cidade_sc_03,2021-02-20,True,active
204,corporate,SP,cidade_sp_04,2021-10-24,True,active
205,mass,BA,cidade_ba_05,2021-01-10,False,active
206,mass,PR,cidade_pr_06,2020-04-18,True,active
207,premium,SC,cidade_sc_07,2021-10-15,True,active
208,mass,SP,cidade_sp_08,2022-04-25,True,active
209,premium,BA,cidade_ba_09,2023-12-18,False,active
210,mass,SP,cidade_sp_10,2023-10-13,True,active
211,mass,PR,cidade_pr_11,2022-05-04,False,active
212,mass,RJ,cidade_rj_12,2020-05-19,False,active
213,mass,PE,cidade_pe_13,2023-11-27,True,active
214,mass,SP,cidade_sp_14,2021-04-01,True,active
215,mass,RJ,cidade_rj_15,2024-03-07,True,active
216,mass,RS,cidade_rs_16,2023-02-04,False,active
217,mass,PR,cidade_pr_17,2023-12-24,True,active
218,mass,RJ,cidade_rj_18,2020-03-19,True,active
219,mass,PR,cidade_pr_19,2020-05-10,True,active
220,premium,RJ,cidade_rj_20,2021-02-20,True,inactive
221,mass,MG,cidade_mg_01,2020-12-09,False,active
222,corporate,SC,cidade_sc_02,2020-01-17,False,inactive
223,mass,RJ,cidade_rj_03,2022-05-18,True,active
224,mass,RJ,cidade_rj_04,2020-04-21,False,active
225,premium,SP,cidade_sp_05,2020-02-28,True,active
226,mass,PE,cidade_pe_06,2023-02-26,False,active
227,mass,SP,cidade_sp_07,2021-09-24,False,active
228,premium,RJ,cidade_rj_08,2023-09-13,False,active
229,mass,ES,cidade_es_09,2024-05-14,False,active
230,mass,RS,cidade_rs_10,2023-10-25,False,active
231,mass,SP,cidade_sp_11,2020-10-07,True,active
232,mass,BA,cidade_ba_12,2023-03-27,True,active
233,mass,SP,cidade_sp_13,2023-07-01,True,active
234,premium,RJ,cidade_rj_14,2021-07-28,True,active
235,mass,SP,cidade_sp_15,2021-03-11,True,active
236,mass,PR,cidade_pr_16,2020-11-17,True,active
237,premium,GO,cidade_go_17,2023-05-08,True,active
238,mass,RJ,cidade_rj_18,2022-03-07,True,active
239,mass,SP,cidade_sp_19,2020-04-26,True,active
240,mass,RJ,cidade_rj_20,2024-06-12,False,active
241,premium,MG,cidade_mg_01,2022-03-28,True,active
242,mass,RJ,cidade_rj_02,2024-09-12,False,active
243,mass,RJ,cidade_rj_03,2024-02-11,True,active
244,mass,SP,cidade_sp_04,2023-09-18,False,active
245,premium,GO,cidade_go_05,2023-10-14,True,active
246,premium,RJ,cidade_rj_06,2022-10-16,False,active
247,mass,SP,cidade_sp_07,2024-06-01,False,active
248,premium,ES,cidade_es_08,2021-05-19,True,active
249,mass,PE,cidade_pe_09,2022-04-03,True,active
250,premium,SC,cidade_sc_10,2023-04-14,True,active
251,mass,MG,cidade_mg_11,2023-09-18,True,active
252,mass,RS,cidade_rs_12,2023-07-26,True,active
253,mass,BA,cidade_ba_13,2022-05-30,False,active
254,mass,SP,cidade_sp_14,2024-05-29,True,active
255,mass,SP,cidade_sp_15,2024-01-30,True,active
256,mass,RJ,cidade_rj_16,2024-09-16,True,active
257,mass,RS,cidade_rs_17,2022-06-29,True,active
258,mass,MG,cidade_mg_18,2023-07-01,True,active
259,mass,RJ,cidade_rj_19,2024-06-05,True,active
260,mass,MG,cidade_mg_20,2024-02-04,True,active
261,mass,RJ,cidade_rj_01,2020-01-28,True,active
262,premium,RJ,cidade_rj_02,2020-11-09,True,active
263,mass,GO,cidade_go_03,2021-07-12,False,active
264,mass,SP,cidade_sp_04,2020-10-31,True,active
265,premium,SP,cidade_sp_05,2024-04-16,True,active
266,mass,MG,cidade_mg_06,2024-01-02,False,active
267,corporate,RJ,cidade_rj_07,2021-02-20,True,active
268,mass,BA,cidade_ba_08,2022-07-26,True,active
269,mass,PR,cidade_pr_09,2020-05-04,True,inactive
270,mass,BA,cidade_ba_10,2022-03-20,True,active
271,mass,PR,cidade_pr_11,2021-12-16,True,inactive
272,mass,RS,cidade_rs_12,2020-01-24,True,active
273,mass,SP,cidade_sp_13,2023-05-05,True,active
274,mass,SP,cidade_sp_14,2023-04-02,True,active
275,premium,BA,cidade_ba_15,2021-02-06,False,active
276,premium,SP,cidade_sp_16,2020-12-31,True,active
277,premium,SP,cidade_sp_17,2023-03-03,False,inactive
278,mass,PR,cidade_pr_18,2021-09-18,False,active
279,mass,SP,cidade_sp_19,2023-10-08,False,active
280,mass,RJ,cidade_rj_20,2022-01-22,True,active
281,mass,ES,cidade_es_01,2023-11-10,False,active
282,premium,SP,cidade_sp_02,2022-02-17,True,active
283,mass,SP,cidade_sp_03,2024-05-16,False,active
284,premium,SP,cidade_sp_04,2022-04-13,True,active
285,premium,SP,cidade_sp_05,2024-04-16,False,active
286,mass,SP,cidade_sp_06,2023-11-22,True,active
287,mass,SP,cidade_sp_07,2020-07-28,True,active
288,premium,SP,cidade_sp_08,2023-09-11,False,active
289,mass,RJ,cidade_rj_09,2020-09-30,True,active
290,mass,RJ,cidade_rj_10,2021-11-17,False,active
291,mass,BA,cidade_ba_11,2024-09-18,False,active
292,mass,RJ,cidade_rj_12,2024-03-07,True,inactive
293,premium,SP,cidade_sp_13,2022-12-08,False,active
294,mass,SP,cidade_sp_14,2023-09-04,True,active
295,premium,PR,cidade_pr_15,2024-03-17,True,active
296,mass,RS,cidade_rs_16,2024-05-25,True,active
297,mass,SP,cidade_sp_17,2020-08-12,True,active
298,mass,PE,cidade_pe_18,2023-03-06,True,active
299,mass,SP,cidade_sp_19,2023-12-20,True,inactive
300,mass,MG,cidade_mg_20,2021-11-23,True,active
301,mass,SC,cidade_sc_01,2024-10-17,False,active
302,mass,RS,cidade_rs_02,2024-04-21,True,active
303,mass,RJ,cidade_rj_03,2020-12-31,False,active
304,mass,PE,cidade_pe_04,2020-06-18,True,active
305,premium,RS,cidade_rs_05,2024-02-01,True,active
306,mass,SP,cidade_sp_06,2021-01-01,True,active
307,mass,ES,cidade_es_07,2023-01-05,True,active
308,mass,RJ,cidade_rj_08,2021-08-07,True,active
309,mass,ES,cidade_es_09,2022-02-25,True,active
310,mass,NA,cidade_es_10,2021-09-06,False,active
311,mass,SC,cidade_sc_11,2020-09-23,True,active
312,mass,SC,cidade_sc_12,2024-09-03,True,active
313,premium,SC,cidade_sc_13,2020-08-15,False,active
314,premium,RJ,cidade_rj_14,2022-06-20,True,active
315,mass,SP,cidade_sp_15,2024-03-29,True,active
316,mass,BA,cidade_ba_16,2020-10-17,False,active
317,premium,RJ,cidade_rj_17,2021-09-24,False,active
318,mass,SP,cidade_sp_18,2023-03-02,True,active
319,premium,RS,cidade_rs_19,2024-07-09,True,active
320,premium,PR,cidade_pr_20,2021-01-29,True,active
321,mass,SC,cidade_sc_01,2020-08-20,True,active
322,mass,SC,cidade_sc_02,2024-05-04,False,active
323,mass,PE,cidade_pe_03,2023-08-24,True,active
324,premium,PE,cidade_pe_04,2020-02-23,False,active
325,mass,RJ,cidade_rj_05,2023-12-04,True,active
326,premium,MG,cidade_mg_06,2024-12-15,True,active
327,premium,SC,cidade_sc_07,2022-11-11,True,active
328,mass,PE,cidade_pe_08,2020-12-27,True,active
329,mass,SP,cidade_sp_09,2020-03-09,True,active
330,mass,RJ,cidade_rj_10,2020-10-20,True,active
331,mass,RS,cidade_rs_11,2022-04-22,True,active
332,mass,MG,cidade_mg_12,2024-04-07,True,active
333,mass,PR,cidade_pr_13,2024-04-07,True,active
334,premium,RS,cidade_rs_14,2023-07-08,True,active
335,mass,BA,cidade_ba_15,2023-02-22,False,active
336,mass,RS,cidade_rs_16,2022-10-24,True,active
337,mass,SP,cidade_sp_17,2024-04-19,True,inactive
338,mass,SP,cidade_sp_18,2021-04-02,True,active
339,mass,SP,cidade_sp_19,2020-07-04,True,active
340,mass,RJ,cidade_rj_20,2021-02-21,True,active
341,mass,GO,cidade_go_01,2022-02-23,True,active
342,mass,PR,cidade_pr_02,2020-03-29,True,active
343,mass,RJ,cidade_rj_03,2021-12-23,True,active
344,mass,SC,cidade_sc_04,2022-09-25,True,active
345,premium,PE,cidade_pe_05,2022-02-26,True,active
346,mass,MG,cidade_mg_06,2022-09-22,False,inactive
347,mass,RJ,cidade_rj_07,2024-04-16,True,active
348,premium,BA,cidade_ba_08,2022-12-20,False,active
349,mass,SC,cidade_sc_09,2024-11-15,False,active
350,mass,RJ,cidade_rj_10,2020-12-19,False,inactive
351,mass,PE,cidade_pe_11,2020-12-02,False,active
352,mass,SP,cidade_sp_12,2023-10-12,False,active
353,corporate,RS,cidade_rs_13,2023-11-13,True,active
354,mass,RS,cidade_rs_14,2024-06-04,False,active
355,mass,RS,cidade_rs_15,2022-05-24,False,inactive
356,mass,BA,cidade_ba_16,2020-06-15,True,active
357,corporate,GO,cidade_go_17,2021-11-19,False,active
358,mass,SP,cidade_sp_18,2024-03-23,False,active
359,premium,SP,cidade_sp_19,2020-09-22,True,inactive
360,mass,BA,cidade_ba_20,2023-06-24,False,active
361,mass,MG,cidade_mg_01,2021-03-10,False,active
362,mass,GO,cidade_go_02,2020-11-01,False,active
363,mass,SC,cidade_sc_03,2020-02-08,False,active
364,mass,ES,cidade_es_04,2021-06-09,True,active
365,mass,SC,cidade_sc_05,2022-05-10,False,active
366,premium,PR,cidade_pr_06,2021-05-05,False,active
367,mass,SP,cidade_sp_07,2021-10-19,True,active
368,premium,RJ,cidade_rj_08,2023-06-11,False,active
369,mass,MG,cidade_mg_09,2022-10-03,False,active
370,corporate,SP,cidade_sp_10,2024-01-14,False,active
371,premium,MG,cidade_mg_11,2023-07-15,False,active
372,premium,SP,cidade_sp_12,2022-03-17,True,active
373,mass,PE,cidade_pe_13,2020-09-24,True,active
374,mass,SP,cidade_sp_14,2023-04-13,False,active
375,mass,RJ,cidade_rj_15,2024-04-21,True,active
376,premium,PE,cidade_pe_16,2021-04-04,True,active
377,mass,RS,cidade_rs_17,2020-05-23,True,inactive
378,premium,PR,cidade_pr_18,2021-07-26,True,active
379,mass,RJ,cidade_rj_19,2022-03-23,True,active
380,corporate,SP,cidade_sp_20,2022-02-28,True,active
381,premium,SP,cidade_sp_01,2021-10-28,True,active
382,mass,RS,cidade_rs_02,2024-03-03,False,active
383,premium,RS,cidade_rs_03,2024-09-17,True,inactive
384,mass,RS,cidade_rs_04,2022-08-13,False,active
385,premium,PE,cidade_pe_05,2023-06-02,False,active
386,mass,SP,cidade_sp_06,2024-12-25,True,active
387,premium,SP,cidade_sp_07,2023-08-12,False,active
388,mass,SP,cidade_sp_08,2024-03-18,True,active
389,mass,RJ,cidade_rj_09,2024-04-17,True,active
390,mass,SP,cidade_sp_10,2024-04-12,True,active
391,premium,BA,cidade_ba_11,2023-04-30,True,active
392,mass,RJ,cidade_rj_12,2021-06-05,False,active
393,premium,SP,cidade_sp_13,2022-02-03,True,inactive
394,mass,MG,cidade_mg_14,2024-09-06,True,active
395,corporate,PR,cidade_pr_15,2021-08-09,True,active
396,mass,RS,cidade_rs_16,2023-10-24,True,active
397,mass,GO,cidade_go_17,2024-03-22,True,active
398,mass,SC,cidade_sc_18,2023-12-02,False,active
399,premium,GO,cidade_go_19,2020-12-09,True,active
400,mass,PR,cidade_pr_20,2020-07-29,True,active
401,corporate,BA,cidade_ba_01,2023-01-14,True,active
402,mass,SP,cidade_sp_02,2020-11-19,True,active
403,mass,SP,cidade_sp_03,2020-07-12,False,active
404,mass,SP,cidade_sp_04,2021-08-26,False,active
405,mass,RJ,cidade_rj_05,2021-11-05,False,active
406,mass,PR,cidade_pr_06,2024-09-24,True,active
407,mass,MG,cidade_mg_07,2023-02-05,False,active
408,mass,SP,cidade_sp_08,2023-04-18,False,active
409,mass,SP,cidade_sp_09,2023-12-16,True,active
410,mass,MG,cidade_mg_10,2022-04-07,True,active
411,mass,PR,cidade_pr_11,2021-04-19,False,active
412,premium,PR,cidade_pr_12,2023-08-01,True,active
413,premium,MG,cidade_mg_13,2020-01-06,False,active
414,mass,SP,cidade_sp_14,2021-09-14,True,active
415,mass,PR,cidade_pr_15,2021-11-02,False,active
416,mass,RJ,cidade_rj_16,2023-01-01,True,active
417,mass,SP,cidade_sp_17,2020-07-05,False,active
418,premium,SC,cidade_sc_18,2023-10-17,True,active
419,mass,MG,cidade_mg_19,2023-04-02,True,active
420,mass,RJ,cidade_rj_20,2023-11-21,False,active
421,mass,GO,cidade_go_01,2021-10-11,False,active
422,mass,SP,cidade_sp_02,2021-10-15,True,active
423,corporate,RJ,cidade_rj_03,2022-12-04,False,active
424,corporate,SP,cidade_sp_04,2020-12-11,True,active
425,mass,SP,cidade_sp_05,2022-03-10,True,active
426,mass,MG,cidade_mg_06,2021-11-05,True,active
427,mass,PR,cidade_pr_07,2024-02-02,True,active
428,mass,ES,cidade_es_08,2021-10-02,False,active
429,premium,SC,cidade_sc_09,2024-04-30,True,active
430,mass,NA,cidade_rj_10,2021-01-05,True,active
431,mass,BA,cidade_ba_11,2021-02-20,True,active
432,mass,MG,cidade_mg_12,2020-08-22,True,active
433,premium,RS,cidade_rs_13,2020-01-10,False,active
434,mass,BA,cidade_ba_14,2020-02-11,True,active
435,premium,RJ,cidade_rj_15,2021-10-29,False,active
436,mass,SP,cidade_sp_16,2021-05-05,True,active
437,mass,PR,cidade_pr_17,2023-10-18,False,active
438,mass,SC,cidade_sc_18,2023-07-07,True,active
439,mass,ES,cidade_es_19,2020-08-23,True,active
440,mass,BA,cidade_ba_20,2024-08-14,True,active
441,mass,PR,cidade_pr_01,2022-11-18,False,active
442,mass,SP,cidade_sp_02,2023-06-01,True,active
443,premium,MG,cidade_mg_03,2021-05-08,False,active
444,premium,MG,cidade_mg_04,2021-02-10,True,active
445,premium,RJ,cidade_rj_05,2024-07-23,True,active
446,premium,MG,cidade_mg_06,2021-04-22,False,active
447,mass,BA,cidade_ba_07,2020-09-07,True,active
448,mass,SC,cidade_sc_08,2020-01-28,False,active
449,premium,ES,cidade_es_09,2021-09-16,False,active
450,mass,PR,cidade_pr_10,2024-12-20,False,active
451,premium,PR,cidade_pr_11,2020-10-04,False,active
452,mass,SP,cidade_sp_12,2022-09-25,True,active
453,mass,BA,cidade_ba_13,2022-09-12,False,active
454,mass,SP,cidade_sp_14,2021-03-26,True,active
455,premium,SP,cidade_sp_15,2020-03-10,False,active
456,mass,SP,cidade_sp_16,2024-04-14,True,active
457,corporate,SP,cidade_sp_17,2021-01-11,True,active
458,mass,SP,cidade_sp_18,2023-01-01,True,active
459,mass,SP,cidade_sp_19,2022-11-05,False,active
460,mass,PR,cidade_pr_20,2021-07-28,False,active
461,mass,ES,cidade_es_01,2021-02-03,True,active
462,corporate,MG,cidade_mg_02,2024-01-16,True,active
463,corporate,SC,cidade_sc_03,2022-05-10,True,active
464,premium,SP,cidade_sp_04,2024-09-03,True,active
465,mass,BA,cidade_ba_05,2021-11-25,True,active
466,mass,MG,cidade_mg_06,2023-07-20,True,inactive
467,premium,MG,cidade_mg_07,2022-04-08,True,active
468,mass,SP,cidade_sp_08,2020-07-21,False,active
469,mass,SC,cidade_sc_09,2024-11-08,True,active
470,mass,SP,cidade_sp_10,2021-03-10,False,active
471,premium,SP,cidade_sp_11,2023-06-28,False,inactive
472,mass,BA,cidade_ba_12,2023-11-20,True,active
473,mass,MG,cidade_mg_13,2024-01-12,True,active
474,mass,BA,cidade_ba_14,2022-12-08,False,active
475,premium,RJ,cidade_rj_15,2022-12-15,False,active
476,mass,MG,cidade_mg_16,2021-01-04,True,active
477,mass,SC,cidade_sc_17,2023-07-18,True,active
478,premium,SP,cidade_sp_18,2020-10-24,True,inactive
479,premium,BA,cidade_ba_19,2022-03-19,False,active
480,mass,SP,cidade_sp_20,2021-07-08,True,active
481,mass,SP,cidade_sp_01,2020-09-02,True,active
482,mass,SP,cidade_sp_02,2020-11-15,True,active
483,mass,PE,cidade_pe_03,2022-03-03,True,inactive
484,mass,SP,cidade_sp_04,2024-09-22,True,active
485,mass,PE,cidade_pe_05,2024-01-06,True,active
486,premium,SP,cidade_sp_06,2024-04-15,False,inactive
487,premium,SP,cidade_sp_07,2022-03-03,True,active
488,premium,PE,cidade_pe_08,2023-04-06,False,inactive
489,corporate,RS,cidade_rs_09,2024-12-30,True,active
490,corporate,PE,cidade_pe_10,2020-07-20,False,active
491,mass,BA,cidade_ba_11,2021-01-18,False,active
492,corporate,SP,cidade_sp_12,2020-06-14,True,active
493,premium,SP,cidade_sp_13,2020-03-13,True,active
494,premium,SP,cidade_sp_14,2022-07-14,True,active
495,premium,PE,cidade_pe_15,2024-06-21,True,active
496,mass,RJ,cidade_rj_16,2023-11-30,True,active
497,mass,ES,cidade_es_17,2020-12-22,False,active
498,mass,SP,cidade_sp_18,2023-03-28,False,inactive
499,mass,SP,cidade_sp_19,2024-01-03,False,active
500,premium,SP,cidade_sp_20,2020-12-02,True,active
501,mass,SP,cidade_sp_01,2020-02-25,False,active
502,corporate,SP,cidade_sp_02,2022-08-01,True,active
503,premium,BA,cidade_ba_03,2023-09-12,True,active
504,premium,SC,cidade_sc_04,2020-11-27,False,inactive
505,premium,SP,cidade_sp_05,2021-04-29,True,inactive
506,mass,RJ,cidade_rj_06,2024-04-04,True,active
507,mass,MG,cidade_mg_07,2022-09-27,False,active
508,mass,RJ,cidade_rj_08,2021-11-25,True,active
509,premium,SP,cidade_sp_09,2024-10-14,False,active
510,premium,PE,cidade_pe_10,2021-05-09,True,active
511,premium,MG,cidade_mg_11,2024-04-12,True,inactive
512,premium,SP,cidade_sp_12,2023-04-12,True,active
513,mass,BA,cidade_ba_13,2021-05-11,True,active
514,premium,MG,cidade_mg_14,2022-09-16,False,active
515,mass,NA,cidade_sp_15,2021-09-17,False,active
516,mass,RJ,cidade_rj_16,2022-06-18,False,active
517,mass,MG,cidade_mg_17,2021-02-04,True,active
518,mass,ES,cidade_es_18,2022-07-02,True,active
519,mass,SP,cidade_sp_19,2020-05-17,False,active
520,premium,SC,cidade_sc_20,2020-06-27,True,active
521,premium,MG,cidade_mg_01,2021-03-17,False,active
522,mass,SP,cidade_sp_02,2022-01-14,True,active
523,mass,MG,cidade_mg_03,2020-08-16,False,active
524,mass,SP,cidade_sp_04,2021-05-26,False,active
525,mass,MG,cidade_mg_05,2022-10-18,True,active
526,mass,SP,cidade_sp_06,2021-12-11,False,active
527,premium,GO,cidade_go_07,2021-10-15,True,active
528,corporate,PE,cidade_pe_08,2021-06-15,True,inactive
529,mass,NA,cidade_go_09,2022-10-12,True,active
530,mass,RS,cidade_rs_10,2021-01-06,False,active
531,mass,RS,cidade_rs_11,2022-05-14,False,inactive
532,premium,RJ,cidade_rj_12,2023-05-11,True,active
533,corporate,RS,cidade_rs_13,2020-10-08,True,active
534,mass,RJ,cidade_rj_14,2023-08-22,False,active
535,premium,PR,cidade_pr_15,2021-05-15,True,active
536,premium,SP,cidade_sp_16,2024-04-04,True,active
537,mass,SP,cidade_sp_17,2024-04-14,True,inactive
538,mass,SC,cidade_sc_18,2022-07-04,True,active
539,mass,ES,cidade_es_19,2023-01-14,False,active
540,premium,SC,cidade_sc_20,2023-12-04,True,active
541,mass,PE,cidade_pe_01,2020-11-03,False,active
542,mass,GO,cidade_go_02,2023-12-18,True,active
543,mass,SC,cidade_sc_03,2024-09-04,True,active
544,mass,RJ,cidade_rj_04,2020-12-03,True,active
545,corporate,MG,cidade_mg_05,2020-09-14,True,active
546,premium,RJ,cidade_rj_06,2023-07-14,True,active
547,mass,RJ,cidade_rj_07,2022-04-01,True,active
548,mass,RJ,cidade_rj_08,2024-09-10,False,active
549,corporate,RS,cidade_rs_09,2020-12-19,True,active
550,mass,SP,cidade_sp_10,2022-07-17,True,active
551,corporate,PR,cidade_pr_11,2021-12-26,True,active
552,mass,SC,cidade_sc_12,2022-10-20,False,active
553,mass,SP,cidade_sp_13,2021-06-19,False,active
554,mass,SP,cidade_sp_14,2020-04-17,True,active
555,mass,RS,cidade_rs_15,2023-03-13,True,active
556,premium,RS,cidade_rs_16,2024-06-02,False,active
557,mass,SP,cidade_sp_17,2022-12-12,True,active
558,mass,SP,cidade_sp_18,2022-06-17,False,active
559,premium,MG,cidade_mg_19,2021-11-10,True,inactive
560,mass,PE,cidade_pe_20,2021-11-28,True,active
561,mass,RJ,cidade_rj_01,2024-11-14,True,active
562,mass,SP,cidade_sp_02,2023-03-24,True,active
563,mass,SP,cidade_sp_03,2023-04-19,False,active
564,mass,SP,cidade_sp_04,2024-08-15,True,active
565,mass,RJ,cidade_rj_05,2021-02-05,True,active
566,mass,SP,cidade_sp_06,2020-01-04,True,active
567,mass,RS,cidade_rs_07,2022-05-04,False,active
568,corporate,SP,cidade_sp_08,2023-11-20,False,active
569,mass,SP,cidade_sp_09,2021-05-05,True,active
570,mass,RJ,cidade_rj_10,2022-03-18,False,inactive
571,premium,RJ,cidade_rj_11,2024-09-09,True,active
572,mass,SP,cidade_sp_12,2021-06-30,True,active
573,premium,RJ,cidade_rj_13,2024-06-16,True,active
574,mass,BA,cidade_ba_14,2023-08-01,True,active
575,mass,RS,cidade_rs_15,2023-07-21,True,active
576,mass,SP,cidade_sp_16,2024-04-01,False,inactive
577,premium,MG,cidade_mg_17,2024-01-31,False,active
578,mass,RS,cidade_rs_18,2021-06-29,True,active
579,premium,BA,cidade_ba_19,2020-08-18,True,active
580,mass,MG,cidade_mg_20,2022-01-30,True,active
581,mass,SC,cidade_sc_01,2020-10-20,True,inactive
582,premium,SP,cidade_sp_02,2023-07-31,True,active
583,mass,BA,cidade_ba_03,2023-08-24,True,active
584,mass,GO,cidade_go_04,2020-04-06,False,active
585,mass,MG,cidade_mg_05,2020-11-21,True,active
586,premium,GO,cidade_go_06,2020-10-13,True,active
587,mass,MG,cidade_mg_07,2022-07-24,True,active
588,corporate,SP,cidade_sp_08,2022-10-23,True,active
589,mass,BA,cidade_ba_09,2022-11-30,True,active
590,corporate,PR,cidade_pr_10,2024-12-19,True,active
591,mass,BA,cidade_ba_11,2022-06-04,False,active
592,premium,PR,cidade_pr_12,2022-10-16,True,active
593,mass,PR,cidade_pr_13,2024-06-03,True,active
594,corporate,ES,cidade_es_14,2023-03-31,True,active
595,mass,SP,cidade_sp_15,2024-10-14,False,active
596,corporate,BA,cidade_ba_16,2024-07-23,True,active
597,mass,PR,cidade_pr_17,2021-11-25,True,active
598,mass,SP,cidade_sp_18,2022-10-27,False,active
599,mass,SP,cidade_sp_19,2022-04-05,False,active
600,mass,RS,cidade_rs_20,2024-10-14,True,active
601,mass,PR,cidade_pr_01,2023-04-21,False,active
602,mass,PR,cidade_pr_02,2024-09-21,False,inactive
603,premium,SP,cidade_sp_03,2022-08-16,True,active
604,mass,GO,cidade_go_04,2023-09-21,True,inactive
605,premium,BA,cidade_ba_05,2021-09-15,True,active
606,mass,MG,cidade_mg_06,2024-06-16,True,active
607,mass,SP,cidade_sp_07,2020-06-04,True,active
608,premium,RS,cidade_rs_08,2020-03-28,True,inactive
609,mass,RS,cidade_rs_09,2023-01-12,False,active
610,mass,SP,cidade_sp_10,2023-01-28,True,active
611,mass,GO,cidade_go_11,2023-09-15,True,active
612,premium,PE,cidade_pe_12,2022-10-17,True,active
613,mass,PR,cidade_pr_13,2022-11-13,True,active
614,mass,BA,cidade_ba_14,2020-03-23,True,active
615,premium,SP,cidade_sp_15,2021-02-02,True,active
616,premium,SP,cidade_sp_16,2021-08-10,True,active
617,corporate,SP,cidade_sp_17,2021-10-15,False,active
618,mass,SP,cidade_sp_18,2020-10-05,True,active
619,mass,BA,cidade_ba_19,2020-07-27,False,active
620,mass,RJ,cidade_rj_20,2020-10-06,True,active
621,premium,SC,cidade_sc_01,2020-09-19,True,active
622,premium,PR,cidade_pr_02,2023-03-12,False,active
623,mass,SP,cidade_sp_03,2023-07-23,False,active
624,premium,PR,cidade_pr_04,2023-01-14,True,active
625,mass,PR,cidade_pr_05,2022-10-05,True,active
626,mass,SP,cidade_sp_06,2024-09-03,False,active
627,mass,SC,cidade_sc_07,2020-05-09,True,active
628,mass,SP,cidade_sp_08,2020-07-03,True,active
629,premium,PR,cidade_pr_09,2020-08-28,True,active
630,premium,SP,cidade_sp_10,2020-05-21,False,active
631,mass,BA,cidade_ba_11,2022-04-22,True,active
632,mass,PE,cidade_pe_12,2021-03-25,True,active
633,premium,SP,cidade_sp_13,2023-12-05,True,active
634,mass,SC,cidade_sc_14,2023-04-18,True,active
635,mass,SP,cidade_sp_15,2024-01-09,True,active
636,mass,MG,cidade_mg_16,2021-10-11,True,active
637,premium,RJ,cidade_rj_17,2022-03-28,True,active
638,mass,SP,cidade_sp_18,2021-05-22,True,active
639,mass,PE,cidade_pe_19,2021-01-09,False,inactive
640,premium,GO,cidade_go_20,2021-04-15,False,active
641,premium,SP,cidade_sp_01,2022-04-21,False,active
642,mass,SP,cidade_sp_02,2021-10-08,False,active
643,mass,PR,cidade_pr_03,2023-03-23,False,active
644,mass,RS,cidade_rs_04,2020-01-17,True,active
645,mass,MG,cidade_mg_05,2024-08-21,False,inactive
646,premium,PE,cidade_pe_06,2024-07-15,True,inactive
647,premium,PE,cidade_pe_07,2022-02-17,True,inactive
648,mass,ES,cidade_es_08,2021-09-29,True,active
649,mass,RJ,cidade_rj_09,2020-10-28,True,active
650,corporate,GO,cidade_go_10,2021-03-04,False,active
651,mass,SC,cidade_sc_11,2024-12-27,True,active
652,mass,PR,cidade_pr_12,2024-09-01,True,active
653,mass,GO,cidade_go_13,2022-01-26,True,active
654,mass,PR,cidade_pr_14,2021-01-06,False,active
655,premium,SP,cidade_sp_15,2023-02-15,True,active
656,premium,MG,cidade_mg_16,2022-11-11,False,active
657,mass,PR,cidade_pr_17,2021-10-23,True,active
658,premium,SP,cidade_sp_18,2022-09-24,False,inactive
659,mass,SP,cidade_sp_19,2023-11-04,True,active
660,mass,PR,cidade_pr_20,2022-11-03,True,inactive
661,mass,RS,cidade_rs_01,2020-09-25,True,active
662,mass,SP,cidade_sp_02,2023-11-22,False,active
663,mass,MG,cidade_mg_03,2021-07-24,True,inactive
664,premium,MG,cidade_mg_04,2023-02-07,True,active
665,mass,SC,cidade_sc_05,2023-04-25,False,active
666,mass,RS,cidade_rs_06,2023-04-27,True,active
667,mass,RJ,cidade_rj_07,2023-02-17,False,inactive
668,mass,BA,cidade_ba_08,2021-03-29,True,active
669,mass,SP,cidade_sp_09,2023-05-30,True,active
670,premium,MG,cidade_mg_10,2024-08-27,False,active
671,mass,RJ,cidade_rj_11,2021-01-08,True,active
672,mass,SP,cidade_sp_12,2022-01-26,True,active
673,mass,SP,cidade_sp_13,2024-04-06,False,active
674,mass,RS,cidade_rs_14,2023-07-10,True,active
675,corporate,MG,cidade_mg_15,2022-02-19,False,active
676,mass,SC,cidade_sc_16,2024-08-21,True,active
677,premium,SP,cidade_sp_17,2023-03-29,True,active
678,mass,PR,cidade_pr_18,2023-04-09,True,inactive
679,premium,BA,cidade_ba_19,2020-07-17,True,active
680,mass,RJ,cidade_rj_20,2023-09-03,False,active
681,premium,SP,cidade_sp_01,2021-06-11,True,inactive
682,premium,SP,cidade_sp_02,2021-04-29,False,active
683,mass,MG,cidade_mg_03,2020-12-24,True,active
684,mass,RJ,cidade_rj_04,2023-02-26,False,inactive
685,premium,MG,cidade_mg_05,2023-06-07,True,active
686,mass,MG,cidade_mg_06,2020-02-19,True,active
687,premium,RJ,cidade_rj_07,2024-12-11,True,active
688,mass,MG,cidade_mg_08,2020-11-12,True,active
689,mass,MG,cidade_mg_09,2023-11-29,False,active
690,premium,SC,cidade_sc_10,2021-10-09,False,active
691,mass,SP,cidade_sp_11,2020-12-28,True,active
692,mass,MG,cidade_mg_12,2022-08-17,False,active
693,mass,RJ,cidade_rj_13,2021-12-10,False,active
694,mass,SP,cidade_sp_14,2021-11-26,True,active
695,premium,PE,cidade_pe_15,2020-05-19,True,active
696,mass,ES,cidade_es_16,2023-07-05,True,active
697,premium,SC,cidade_sc_17,2021-07-04,True,active
698,premium,GO,cidade_go_18,2024-11-22,False,active
699,premium,SP,cidade_sp_19,2021-12-21,False,active
700,mass,SP,cidade_sp_20,2020-05-26,True,active
701,mass,SP,cidade_sp_01,2022-12-21,True,active
702,mass,SP,cidade_sp_02,2020-08-16,True,active
703,premium,PE,cidade_pe_03,2024-11-06,True,inactive
704,mass,MG,cidade_mg_04,2023-09-02,True,active
705,premium,SP,cidade_sp_05,2023-06-20,True,active
706,premium,SP,cidade_sp_06,2024-11-30,True,active
707,corporate,SP,cidade_sp_07,2022-01-23,True,active
708,mass,SP,cidade_sp_08,2020-11-09,True,active
709,premium,RS,cidade_rs_09,2022-04-21,True,active
710,premium,SP,cidade_sp_10,2021-06-19,True,active
711,mass,RJ,cidade_rj_11,2020-09-22,True,inactive
712,mass,SP,cidade_sp_12,2023-11-05,True,active
713,mass,PE,cidade_pe_13,2024-11-29,True,active
714,premium,SC,cidade_sc_14,2023-12-17,False,active
715,mass,SP,cidade_sp_15,2024-07-28,True,active
716,mass,SP,cidade_sp_16,2020-10-07,True,active
717,mass,PE,cidade_pe_17,2024-09-03,True,active
718,mass,MG,cidade_mg_18,2021-01-15,True,active
719,mass,NA,cidade_ba_19,2022-12-03,False,active
720,premium,MG,cidade_mg_20,2024-08-06,True,active
721,premium,SP,cidade_sp_01,2022-05-10,True,active
722,premium,RJ,cidade_rj_02,2024-11-15,True,active
723,corporate,SP,cidade_sp_03,2021-05-31,True,active
724,premium,SP,cidade_sp_04,2021-08-16,True,active
725,mass,SP,cidade_sp_05,2024-01-11,False,active
726,mass,MG,cidade_mg_06,2020-11-01,True,active
727,premium,SP,cidade_sp_07,2023-01-03,False,active
728,mass,PE,cidade_pe_08,2020-09-06,False,active
729,mass,SP,cidade_sp_09,2023-09-23,True,active
730,corporate,RJ,cidade_rj_10,2021-08-22,False,active
731,premium,RJ,cidade_rj_11,2020-07-20,True,active
732,premium,SP,cidade_sp_12,2024-10-28,True,active
733,mass,RJ,cidade_rj_13,2021-05-29,True,active
734,mass,GO,cidade_go_14,2023-07-20,True,active
735,corporate,PR,cidade_pr_15,2022-05-30,False,active
736,mass,GO,cidade_go_16,2023-12-08,False,active
737,mass,SP,cidade_sp_17,2021-03-24,True,active
738,mass,NA,cidade_go_18,2024-01-29,False,active
739,mass,SP,cidade_sp_19,2021-11-29,True,active
740,mass,SC,cidade_sc_20,2020-08-06,False,active
741,premium,RS,cidade_rs_01,2020-02-16,True,active
742,premium,MG,cidade_mg_02,2023-04-25,True,inactive
743,mass,MG,cidade_mg_03,2023-05-09,True,active
744,mass,BA,cidade_ba_04,2023-03-28,False,active
745,mass,RJ,cidade_rj_05,2023-05-25,False,active
746,mass,SP,cidade_sp_06,2024-05-10,False,active
747,mass,SC,cidade_sc_07,2024-07-30,False,active
748,mass,SP,cidade_sp_08,2023-08-06,True,active
749,mass,GO,cidade_go_09,2020-12-09,True,active
750,mass,RJ,cidade_rj_10,2022-03-24,False,active
751,mass,SP,cidade_sp_11,2024-03-26,False,inactive
752,mass,PR,cidade_pr_12,2022-01-11,True,active
753,mass,SC,cidade_sc_13,2024-02-26,True,active
754,mass,SP,cidade_sp_14,2020-08-11,False,active
755,mass,PE,cidade_pe_15,2021-11-18,False,active
756,mass,MG,cidade_mg_16,2023-12-05,True,inactive
757,mass,SP,cidade_sp_17,2020-03-09,False,active
758,premium,RS,cidade_rs_18,2020-02-07,True,active
759,corporate,ES,cidade_es_19,2022-06-04,False,active
760,mass,SP,cidade_sp_20,2024-06-15,False,active
761,mass,GO,cidade_go_01,2021-01-15,False,inactive
762,mass,SC,cidade_sc_02,2020-08-25,False,active
763,premium,RJ,cidade_rj_03,2022-09-17,True,active
764,mass,SP,cidade_sp_04,2022-11-05,True,active
765,mass,PR,cidade_pr_05,2021-06-11,False,inactive
766,premium,SP,cidade_sp_06,2024-07-07,True,active
767,mass,SP,cidade_sp_07,2023-08-07,True,active
768,mass,SP,cidade_sp_08,2023-05-21,False,active
769,mass,MG,cidade_mg_09,2023-07-03,True,active
770,mass,SP,cidade_sp_10,2021-05-07,True,active
771,mass,SC,cidade_sc_11,2022-12-09,True,inactive
772,premium,SP,cidade_sp_12,2024-04-25,True,active
773,mass,BA,cidade_ba_13,2020-10-17,False,inactive
774,mass,SP,cidade_sp_14,2022-01-10,True,active
775,mass,SP,cidade_sp_15,2023-02-06,False,active
776,mass,PR,cidade_pr_16,2022-03-27,True,active
777,corporate,BA,cidade_ba_17,2024-03-15,False,active
778,mass,GO,cidade_go_18,2021-07-07,True,active
779,mass,RJ,cidade_rj_19,2024-10-18,False,inactive
780,corporate,PR,cidade_pr_20,2020-06-19,False,active
781,premium,SP,cidade_sp_01,2021-07-06,False,inactive
782,premium,RJ,cidade_rj_02,2023-01-12,True,active
783,corporate,BA,cidade_ba_03,2023-06-25,False,active
784,premium,RJ,cidade_rj_04,2023-07-02,True,active
785,mass,SC,cidade_sc_05,2024-03-31,True,active
786,mass,SC,cidade_sc_06,2022-09-14,True,active
787,mass,NA,cidade_pe_07,2022-07-31,True,active
788,mass,GO,cidade_go_08,2020-06-28,True,active
789,mass,SC,cidade_sc_09,2021-03-25,True,active
790,mass,PR,cidade_pr_10,2021-06-14,False,active
791,mass,PR,cidade_pr_11,2021-02-02,False,active
792,mass,MG,cidade_mg_12,2024-05-21,True,active
793,premium,SP,cidade_sp_13,2021-09-22,True,active
794,mass,MG,cidade_mg_14,2024-09-15,True,active
795,mass,BA,cidade_ba_15,2023-01-11,False,active
796,mass,MG,cidade_mg_16,2021-11-12,False,active
797,mass,SC,cidade_sc_17,2023-07-30,True,active
798,premium,SP,cidade_sp_18,2022-02-19,True,active
799,premium,SP,cidade_sp_19,2021-06-12,True,active
800,premium,SP,cidade_sp_20,2021-06-27,True,active
801,mass,MG,cidade_mg_01,2020-08-28,True,active
802,premium,MG,cidade_mg_02,2024-01-05,True,active
803,mass,RJ,cidade_rj_03,2024-10-13,False,active
804,mass,BA,cidade_ba_04,2024-08-30,True,active
805,premium,SP,cidade_sp_05,2023-11-04,False,active
806,mass,GO,cidade_go_06,2020-07-04,True,active
807,mass,SP,cidade_sp_07,2022-04-23,False,active
808,mass,PE,cidade_pe_08,2024-10-12,True,inactive
809,mass,RJ,cidade_rj_09,2021-08-05,False,inactive
810,mass,ES,cidade_es_10,2020-05-26,True,active
811,premium,RJ,cidade_rj_11,2021-03-30,False,active
812,mass,SP,cidade_sp_12,2024-04-13,True,active
813,mass,PR,cidade_pr_13,2020-05-10,False,active
814,mass,MG,cidade_mg_14,2021-01-17,True,active
815,mass,SP,cidade_sp_15,2022-05-24,True,active
816,mass,MG,cidade_mg_16,2024-11-27,False,active
817,mass,PR,cidade_pr_17,2022-07-06,True,active
818,premium,RJ,cidade_rj_18,2024-12-17,True,active
819,premium,SP,cidade_sp_19,2023-05-22,False,active
820,mass,MG,cidade_mg_20,2023-10-25,True,active
821,corporate,RJ,cidade_rj_01,2022-03-17,True,active
822,mass,RJ,cidade_rj_02,2024-01-14,True,active
823,mass,MG,cidade_mg_03,2024-04-18,False,active
824,mass,RS,cidade_rs_04,2022-10-04,False,active
825,mass,SC,cidade_sc_05,2023-01-15,True,active
826,premium,SP,cidade_sp_06,2020-01-26,True,active
827,premium,MG,cidade_mg_07,2020-08-20,True,active
828,mass,SP,cidade_sp_08,2023-09-02,False,active
829,premium,SC,cidade_sc_09,2022-07-03,True,active
830,premium,RJ,cidade_rj_10,2021-11-14,True,active
831,premium,SP,cidade_sp_11,2023-05-11,False,active
832,corporate,PR,cidade_pr_12,2021-01-18,True,active
833,corporate,MG,cidade_mg_13,2023-05-07,True,active
834,premium,SP,cidade_sp_14,2024-07-24,True,active
835,premium,MG,cidade_mg_15,2023-12-29,True,active
836,corporate,MG,cidade_mg_16,2022-03-11,True,active
837,mass,RJ,cidade_rj_17,2020-09-20,True,active
838,mass,SP,cidade_sp_18,2021-04-11,False,active
839,mass,RS,cidade_rs_19,2022-06-21,True,inactive
840,premium,BA,cidade_ba_20,2023-09-28,True,active
841,mass,PR,cidade_pr_01,2024-08-06,True,active
842,mass,BA,cidade_ba_02,2024-09-08,False,active
843,mass,MG,cidade_mg_03,2020-12-09,True,inactive
844,mass,SP,cidade_sp_04,2022-02-05,False,active
845,mass,SP,cidade_sp_05,2020-06-29,False,active
846,mass,RJ,cidade_rj_06,2023-10-13,True,active
847,mass,GO,cidade_go_07,2024-08-18,False,active
848,mass,SC,cidade_sc_08,2022-05-03,True,active
849,corporate,RJ,cidade_rj_09,2022-11-05,False,active
850,premium,SP,cidade_sp_10,2023-05-18,False,active
851,mass,BA,cidade_ba_11,2024-09-07,True,active
852,mass,RS,cidade_rs_12,2020-02-07,True,active
853,mass,RJ,cidade_rj_13,2023-06-03,True,active
854,mass,PR,cidade_pr_14,2021-02-02,False,inactive
855,mass,RS,cidade_rs_15,2020-03-14,True,active
856,premium,SC,cidade_sc_16,2020-05-31,True,active
857,mass,PR,cidade_pr_17,2020-08-25,False,active
858,mass,SP,cidade_sp_18,2023-03-23,True,active
859,mass,RJ,cidade_rj_19,2024-12-10,True,active
860,corporate,SC,cidade_sc_20,2022-08-31,True,active
861,mass,RS,cidade_rs_01,2023-03-30,False,active
862,mass,MG,cidade_mg_02,2022-08-12,True,active
863,premium,PR,cidade_pr_03,2021-12-17,False,active
864,corporate,PE,cidade_pe_04,2020-07-05,True,active
865,corporate,SP,cidade_sp_05,2022-10-12,False,active
866,mass,RS,cidade_rs_06,2022-11-29,True,active
867,mass,SP,cidade_sp_07,2023-06-24,False,active
868,mass,PR,cidade_pr_08,2020-10-02,False,active
869,mass,PE,cidade_pe_09,2020-07-18,True,active
870,mass,MG,cidade_mg_10,2020-07-16,True,active
871,mass,SP,cidade_sp_11,2023-01-09,False,inactive
872,mass,RJ,cidade_rj_12,2022-03-08,True,inactive
873,mass,SP,cidade_sp_13,2022-06-13,False,active
874,mass,SP,cidade_sp_14,2023-04-20,False,active
875,mass,BA,cidade_ba_15,2024-06-06,False,active
876,mass,SC,cidade_sc_16,2023-11-26,False,active
877,premium,RJ,cidade_rj_17,2020-10-13,False,active
878,corporate,SP,cidade_sp_18,2023-06-07,True,active
879,premium,RS,cidade_rs_19,2021-09-10,False,active
880,mass,SP,cidade_sp_20,2024-12-03,False,active
881,premium,SP,cidade_sp_01,2023-09-24,True,active
882,premium,SP,cidade_sp_02,2024-12-18,True,active
883,mass,RJ,cidade_rj_03,2022-05-30,True,active
884,corporate,SP,cidade_sp_04,2022-05-12,True,active
885,mass,SC,cidade_sc_05,2021-05-19,True,active
886,premium,SP,cidade_sp_06,2022-11-03,True,active
887,mass,BA,cidade_ba_07,2022-12-12,False,active
888,mass,SP,cidade_sp_08,2020-05-30,True,active
889,mass,PR,cidade_pr_09,2021-01-06,True,active
890,mass,SP,cidade_sp_10,2024-12-06,True,active
891,mass,RJ,cidade_rj_11,2021-03-30,True,active
892,mass,PR,cidade_pr_12,2023-07-18,True,active
893,corporate,RJ,cidade_rj_13,2021-07-23,True,active
894,mass,SC,cidade_sc_14,2021-11-08,True,active
895,mass,RS,cidade_rs_15,2024-08-29,True,active
896,corporate,RJ,cidade_rj_16,2020-07-06,True,active
897,mass,SP,cidade_sp_17,2020-11-21,True,active
898,premium,PR,cidade_pr_18,2020-12-17,False,active
899,mass,PR,cidade_pr_19,2024-08-03,True,active
900,mass,MG,cidade_mg_20,2020-06-16,True,active
901,premium,MG,cidade_mg_01,2022-06-25,True,active
902,mass,BA,cidade_ba_02,2022-04-06,True,active
903,premium,PR,cidade_pr_03,2022-03-17,False,active
904,premium,SP,cidade_sp_04,2020-02-13,True,active
905,premium,MG,cidade_mg_05,2022-09-10,True,active
906,mass,NA,cidade_sp_06,2023-04-28,True,active
907,mass,GO,cidade_go_07,2020-10-20,True,active
908,mass,BA,cidade_ba_08,2020-02-21,False,active
909,premium,SP,cidade_sp_09,2021-08-07,False,active
910,mass,MG,cidade_mg_10,2020-03-15,False,active
911,premium,RS,cidade_rs_11,2024-02-01,False,active
912,mass,SP,cidade_sp_12,2023-06-10,True,active
913,premium,SP,cidade_sp_13,2021-08-12,False,active
914,mass,SP,cidade_sp_14,2023-11-09,True,active
915,premium,PR,cidade_pr_15,2020-12-31,False,active
916,mass,SC,cidade_sc_16,2024-04-14,False,active
917,premium,SP,cidade_sp_17,2022-12-01,True,active
918,corporate,RS,cidade_rs_18,2022-01-02,True,active
919,mass,MG,cidade_mg_19,2024-09-04,True,active
920,mass,MG,cidade_mg_20,2021-08-06,True,active
921,mass,SP,cidade_sp_01,2021-02-18,False,active
922,mass,RS,cidade_rs_02,2023-04-29,True,active
923,mass,RS,cidade_rs_03,2024-11-12,True,active
924,mass,MG,cidade_mg_04,2021-09-06,True,active
925,premium,SP,cidade_sp_05,2020-09-16,True,active
926,mass,RS,cidade_rs_06,2023-11-29,True,active
927,mass,SC,cidade_sc_07,2024-12-19,True,inactive
928,premium,PR,cidade_pr_08,2021-08-23,True,active
929,mass,SP,cidade_sp_09,2022-08-02,False,active
930,mass,RS,cidade_rs_10,2023-02-14,True,active
931,mass,SC,cidade_sc_11,2020-12-11,True,active
932,mass,RS,cidade_rs_12,2022-10-15,True,active
933,mass,RJ,cidade_rj_13,2024-01-08,True,active
934,mass,SP,cidade_sp_14,2024-01-21,True,active
935,mass,MG,cidade_mg_15,2022-10-29,True,active
936,mass,PR,cidade_pr_16,2023-10-18,True,active
937,mass,MG,cidade_mg_17,2024-08-02,False,active
938,premium,PE,cidade_pe_18,2020-05-26,True,active
939,mass,SP,cidade_sp_19,2024-11-27,False,active
940,premium,PR,cidade_pr_20,2024-06-12,True,active
941,premium,SC,cidade_sc_01,2021-11-25,False,active
942,mass,RJ,cidade_rj_02,2023-01-02,False,active
943,mass,SP,cidade_sp_03,2021-01-25,True,active
944,mass,PR,cidade_pr_04,2023-03-10,False,active
945,premium,MG,cidade_mg_05,2020-06-23,True,active
946,mass,RS,cidade_rs_06,2021-07-14,True,active
947,premium,MG,cidade_mg_07,2023-05-14,False,active
948,mass,PR,cidade_pr_08,2021-09-25,True,active
949,mass,SC,cidade_sc_09,2021-04-18,False,active
950,mass,SP,cidade_sp_10,2024-05-06,False,active
951,mass,SP,cidade_sp_11,2021-10-07,False,active
952,mass,RJ,cidade_rj_12,2022-09-14,True,active
953,mass,SP,cidade_sp_13,2023-11-30,False,active
954,premium,RJ,cidade_rj_14,2020-04-01,True,active
955,mass,PE,cidade_pe_15,2023-05-01,True,active
956,mass,SP,cidade_sp_16,2024-09-07,True,active
957,corporate,SP,cidade_sp_17,2020-09-24,True,active
958,mass,SP,cidade_sp_18,2020-02-12,False,active
959,mass,RS,cidade_rs_19,2023-08-07,False,active
960,mass,GO,cidade_go_20,2020-08-20,True,active
961,mass,PR,cidade_pr_01,2023-05-17,True,active
962,mass,SP,cidade_sp_02,2021-04-20,False,active
963,mass,MG,cidade_mg_03,2024-01-21,False,inactive
964,mass,SP,cidade_sp_04,2023-03-16,True,active
965,premium,RJ,cidade_rj_05,2020-08-08,False,active
966,mass,MG,cidade_mg_06,2021-01-23,True,active
967,mass,SP,cidade_sp_07,2021-06-29,True,inactive
968,premium,RS,cidade_rs_08,2021-12-09,False,inactive
969,mass,GO,cidade_go_09,2022-01-05,True,active
970,premium,RJ,cidade_rj_10,2021-11-07,True,active
971,premium,MG,cidade_mg_11,2022-03-15,True,active
972,mass,SP,cidade_sp_12,2023-11-04,True,active
973,premium,SP,cidade_sp_13,2022-02-05,False,active
974,premium,SP,cidade_sp_14,2021-04-03,True,active
975,mass,MG,cidade_mg_15,2022-09-07,True,active
976,mass,SC,cidade_sc_16,2022-07-06,True,inactive
977,mass,ES,cidade_es_17,2021-01-27,True,active
978,mass,SC,cidade_sc_18,2021-01-28,False,active
979,premium,BA,cidade_ba_19,2024-04-06,True,active
980,mass,BA,cidade_ba_20,2024-11-13,False,active
981,mass,SP,cidade_sp_01,2023-09-15,True,inactive
982,mass,MG,cidade_mg_02,2021-06-11,True,active
983,premium,SP,cidade_sp_03,2021-09-12,False,active
984,mass,ES,cidade_es_04,2023-04-22,True,active
985,mass,PR,cidade_pr_05,2024-06-22,True,active
986,mass,BA,cidade_ba_06,2024-10-21,True,active
987,mass,RS,cidade_rs_07,2020-05-28,True,active
988,mass,PR,cidade_pr_08,2024-07-08,True,active
989,premium,BA,cidade_ba_09,2021-09-07,True,active
990,mass,MG,cidade_mg_10,2023-06-07,False,active
991,mass,RJ,cidade_rj_11,2021-05-19,True,active
992,mass,SP,cidade_sp_12,2024-09-30,False,active
993,mass,BA,cidade_ba_13,2023-12-13,False,active
994,mass,MG,cidade_mg_14,2022-10-15,True,active
995,premium,PR,cidade_pr_15,2021-10-21,True,active
996,mass,SP,cidade_sp_16,2020-09-23,True,active
997,mass,BA,cidade_ba_17,2020-06-22,False,active
998,mass,MG,cidade_mg_18,2021-12-28,True,active
999,mass,MG,cidade_mg_19,2022-09-17,False,active
1000,mass,MG,cidade_mg_20,2020-01-05,False,active
1001,mass,SP,cidade_sp_01,2022-07-11,True,active
1002,mass,PR,cidade_pr_02,2021-05-08,True,inactive
1003,mass,RS,cidade_rs_03,2022-07-23,True,active
1004,mass,BA,cidade_ba_04,2021-04-14,False,active
1005,mass,SP,cidade_sp_05,2022-07-19,True,active
1006,mass,PR,cidade_pr_06,2021-12-06,True,active
1007,mass,MG,cidade_mg_07,2020-08-15,False,active
1008,premium,SC,cidade_sc_08,2023-12-30,True,inactive
1009,mass,RJ,cidade_rj_09,2022-10-14,True,active
1010,mass,PR,cidade_pr_10,2022-12-13,False,active
1011,mass,SP,cidade_sp_11,2023-03-11,True,active
1012,mass,RJ,cidade_rj_12,2021-09-21,True,active
1013,mass,SC,cidade_sc_13,2022-04-29,False,inactive
1014,premium,SP,cidade_sp_14,2021-06-09,True,active
1015,premium,SP,cidade_sp_15,2022-01-30,True,active
1016,mass,BA,cidade_ba_16,2021-01-29,True,active
1017,premium,ES,cidade_es_17,2023-04-07,False,active
1018,mass,RJ,cidade_rj_18,2023-04-26,False,active
1019,mass,RS,cidade_rs_19,2021-09-18,True,inactive
1020,mass,SP,cidade_sp_20,2022-01-07,True,active
1021,premium,PR,cidade_pr_01,2022-09-08,False,active
1022,premium,SP,cidade_sp_02,2023-10-14,False,active
1023,corporate,MG,cidade_mg_03,2023-01-17,False,active
1024,premium,SP,cidade_sp_04,2020-03-03,False,active
1025,mass,RJ,cidade_rj_05,2020-08-27,False,active
1026,mass,SC,cidade_sc_06,2020-07-30,True,active
1027,mass,GO,cidade_go_07,2021-08-03,False,active
1028,mass,GO,cidade_go_08,2021-02-27,False,active
1029,premium,SC,cidade_sc_09,2020-05-01,True,active
1030,mass,SP,cidade_sp_10,2024-10-19,False,active
1031,mass,NA,cidade_pr_11,2023-07-12,False,active
1032,premium,BA,cidade_ba_12,2021-07-01,True,active
1033,mass,SP,cidade_sp_13,2022-05-13,True,active
1034,mass,RJ,cidade_rj_14,2024-04-26,True,active
1035,mass,SP,cidade_sp_15,2020-06-16,True,active
1036,mass,GO,cidade_go_16,2022-02-01,False,inactive
1037,mass,SP,cidade_sp_17,2023-03-23,True,active
1038,mass,MG,cidade_mg_18,2024-01-06,True,active
1039,mass,SC,cidade_sc_19,2021-10-16,True,active
1040,mass,SC,cidade_sc_20,2024-02-10,True,active
1041,premium,PR,cidade_pr_01,2022-10-05,True,active
1042,mass,RS,cidade_rs_02,2024-10-21,True,active
1043,mass,SC,cidade_sc_03,2022-02-06,True,active
1044,mass,RS,cidade_rs_04,2021-06-03,True,active
1045,premium,PE,cidade_pe_05,2022-04-10,True,active
1046,mass,MG,cidade_mg_06,2024-04-22,True,inactive
1047,mass,SP,cidade_sp_07,2022-05-13,False,active
1048,mass,SP,cidade_sp_08,2022-08-29,True,inactive
1049,mass,RJ,cidade_rj_09,2023-02-11,True,active
1050,mass,SP,cidade_sp_10,2023-07-23,False,active
1051,mass,PR,cidade_pr_11,2021-06-07,False,active
1052,mass,RS,cidade_rs_12,2021-04-16,False,active
1053,mass,PE,cidade_pe_13,2021-04-24,True,active
1054,premium,RJ,cidade_rj_14,2023-03-10,True,active
1055,mass,SC,cidade_sc_15,2022-02-08,True,active
1056,premium,SP,cidade_sp_16,2020-03-28,False,active
1057,corporate,SC,cidade_sc_17,2023-10-24,True,active
1058,mass,RJ,cidade_rj_18,2024-04-17,False,inactive
1059,mass,SP,cidade_sp_19,2022-01-13,True,active
1060,mass,SP,cidade_sp_20,2023-04-06,False,active
1061,mass,MG,cidade_mg_01,2024-07-18,True,active
1062,premium,ES,cidade_es_02,2021-01-30,True,active
1063,premium,GO,cidade_go_03,2023-11-08,True,active
1064,mass,MG,cidade_mg_04,2024-07-03,True,active
1065,mass,BA,cidade_ba_05,2022-06-29,True,active
1066,premium,MG,cidade_mg_06,2021-11-04,True,inactive
1067,mass,MG,cidade_mg_07,2022-11-01,True,active
1068,mass,RJ,cidade_rj_08,2022-02-14,True,active
1069,mass,RS,cidade_rs_09,2022-11-22,True,active
1070,premium,RS,cidade_rs_10,2022-03-02,False,active
1071,mass,PE,cidade_pe_11,2024-11-08,False,active
1072,mass,SC,cidade_sc_12,2020-02-11,True,active
1073,premium,RS,cidade_rs_13,2020-10-28,True,active
1074,corporate,PR,cidade_pr_14,2022-11-05,True,active
1075,mass,SP,cidade_sp_15,2023-07-27,True,inactive
1076,mass,PE,cidade_pe_16,2020-05-08,True,active
1077,mass,SP,cidade_sp_17,2022-02-19,False,active
1078,premium,PR,cidade_pr_18,2024-08-01,False,inactive
1079,mass,ES,cidade_es_19,2023-01-13,False,inactive
1080,mass,BA,cidade_ba_20,2021-04-06,True,inactive
1081,mass,RS,cidade_rs_01,2022-10-08,False,active
1082,premium,SP,cidade_sp_02,2020-04-15,True,active
1083,mass,RJ,cidade_rj_03,2020-12-10,True,active
1084,mass,RJ,cidade_rj_04,2024-06-15,True,active
1085,mass,SC,cidade_sc_05,2023-04-27,True,active
1086,mass,SP,cidade_sp_06,2021-10-18,True,active
1087,mass,GO,cidade_go_07,2023-01-13,False,active
1088,mass,SC,cidade_sc_08,2022-11-18,True,active
1089,premium,RJ,cidade_rj_09,2021-01-25,True,active
1090,corporate,RS,cidade_rs_10,2020-03-18,True,active
1091,mass,MG,cidade_mg_11,2020-06-21,True,active
1092,premium,SP,cidade_sp_12,2023-03-27,False,active
1093,corporate,SC,cidade_sc_13,2024-05-22,False,active
1094,mass,MG,cidade_mg_14,2024-02-07,False,active
1095,mass,RJ,cidade_rj_15,2023-07-08,True,active
1096,premium,SP,cidade_sp_16,2022-03-26,True,active
1097,mass,GO,cidade_go_17,2021-02-26,False,active
1098,mass,MG,cidade_mg_18,2022-03-01,True,active
1099,mass,RS,cidade_rs_19,2023-03-04,True,active
1100,premium,RS,cidade_rs_20,2024-02-25,False,active
1101,premium,RJ,cidade_rj_01,2020-01-08,True,active
1102,mass,RJ,cidade_rj_02,2024-12-07,True,active
1103,mass,RJ,cidade_rj_03,2023-12-09,True,active
1104,mass,SP,cidade_sp_04,2023-04-13,False,active
1105,mass,PR,cidade_pr_05,2021-02-10,False,active
1106,mass,SP,cidade_sp_06,2024-12-09,True,active
1107,mass,PE,cidade_pe_07,2022-12-24,False,active
1108,mass,MG,cidade_mg_08,2024-09-08,True,active
1109,mass,MG,cidade_mg_09,2020-07-09,True,active
1110,premium,BA,cidade_ba_10,2024-12-03,True,active
1111,premium,PR,cidade_pr_11,2021-06-02,False,active
1112,mass,SP,cidade_sp_12,2023-09-12,False,active
1113,premium,GO,cidade_go_13,2022-09-29,False,active
1114,mass,SP,cidade_sp_14,2021-02-16,True,active
1115,premium,RJ,cidade_rj_15,2020-01-27,True,active
1116,premium,SP,cidade_sp_16,2020-08-23,True,active
1117,mass,SC,cidade_sc_17,2020-05-24,True,active
1118,mass,ES,cidade_es_18,2020-09-15,True,active
1119,corporate,SP,cidade_sp_19,2024-02-17,False,inactive
1120,premium,RJ,cidade_rj_20,2024-11-01,True,active
1121,mass,RJ,cidade_rj_01,2024-05-26,True,active
1122,mass,SP,cidade_sp_02,2020-04-24,False,active
1123,premium,GO,cidade_go_03,2020-09-12,False,active
1124,premium,SP,cidade_sp_04,2020-06-02,True,inactive
1125,mass,MG,cidade_mg_05,2022-04-06,True,active
1126,corporate,RJ,cidade_rj_06,2022-09-04,True,active
1127,corporate,MG,cidade_mg_07,2023-11-16,True,active
1128,mass,SP,cidade_sp_08,2024-06-08,True,active
1129,premium,MG,cidade_mg_09,2020-05-04,True,active
1130,premium,ES,cidade_es_10,2022-01-01,True,active
1131,corporate,MG,cidade_mg_11,2020-12-23,False,active
1132,mass,ES,cidade_es_12,2021-06-30,True,active
1133,mass,SP,cidade_sp_13,2021-03-04,True,active
1134,mass,GO,cidade_go_14,2024-11-30,True,active
1135,mass,MG,cidade_mg_15,2024-12-09,True,active
1136,corporate,RS,cidade_rs_16,2021-05-08,True,active
1137,mass,ES,cidade_es_17,2023-12-18,True,active
1138,mass,PE,cidade_pe_18,2022-04-07,False,inactive
1139,mass,SP,cidade_sp_19,2023-04-25,True,active
1140,mass,SC,cidade_sc_20,2020-04-10,True,active
1141,mass,SP,cidade_sp_01,2022-05-18,True,active
1142,premium,SP,cidade_sp_02,2021-01-06,True,active
1143,premium,MG,cidade_mg_03,2024-04-05,True,active
1144,premium,RJ,cidade_rj_04,2022-05-24,False,active
1145,mass,ES,cidade_es_05,2024-06-06,False,active
1146,premium,MG,cidade_mg_06,2021-04-10,True,active
1147,premium,BA,cidade_ba_07,2022-05-27,True,active
1148,mass,PE,cidade_pe_08,2023-04-06,True,inactive
1149,mass,MG,cidade_mg_09,2024-06-24,False,active
1150,mass,SP,cidade_sp_10,2023-01-02,True,active
1151,mass,SP,cidade_sp_11,2024-10-12,True,active
1152,mass,PR,cidade_pr_12,2021-01-13,True,inactive
1153,mass,RJ,cidade_rj_13,2022-09-04,True,active
1154,mass,RJ,cidade_rj_14,2023-05-07,False,active
1155,mass,SP,cidade_sp_15,2020-06-20,True,inactive
1156,mass,PE,cidade_pe_16,2020-04-20,False,active
1157,premium,MG,cidade_mg_17,2023-08-28,False,active
1158,premium,SC,cidade_sc_18,2023-08-20,True,active
1159,mass,SP,cidade_sp_19,2021-02-20,False,active
1160,mass,SC,cidade_sc_20,2023-08-04,False,active
1161,mass,RJ,cidade_rj_01,2021-12-05,True,active
1162,premium,SP,cidade_sp_02,2022-07-10,False,active
1163,mass,RJ,cidade_rj_03,2024-02-21,False,active
1164,mass,SP,cidade_sp_04,2022-10-07,True,inactive
1165,mass,RS,cidade_rs_05,2020-07-23,True,active
1166,mass,PR,cidade_pr_06,2020-07-17,True,active
1167,mass,RJ,cidade_rj_07,2021-08-31,True,active
1168,mass,RJ,cidade_rj_08,2022-08-03,True,active
1169,mass,PE,cidade_pe_09,2024-02-03,False,inactive
1170,mass,GO,cidade_go_10,2020-01-16,True,active
1171,mass,RS,cidade_rs_11,2020-07-18,True,active
1172,mass,PE,cidade_pe_12,2024-09-07,False,active
1173,mass,MG,cidade_mg_13,2020-06-16,True,active
1174,mass,PR,cidade_pr_14,2023-11-15,True,active
1175,premium,PE,cidade_pe_15,2022-11-26,True,active
1176,premium,RJ,cidade_rj_16,2021-11-27,False,active
1177,mass,NA,cidade_rj_17,2024-01-07,True,active
1178,mass,SP,cidade_sp_18,2021-01-03,True,active
1179,premium,SP,cidade_sp_19,2024-06-05,False,active
1180,mass,MG,cidade_mg_20,2020-11-07,True,active
1181,premium,RS,cidade_rs_01,2022-09-27,True,active
1182,mass,SP,cidade_sp_02,2023-03-18,False,active
1183,mass,RJ,cidade_rj_03,2022-10-17,False,active
1184,mass,RJ,cidade_rj_04,2020-01-20,True,active
1185,mass,BA,cidade_ba_05,2021-06-22,True,inactive
1186,mass,SP,cidade_sp_06,2020-12-31,True,inactive
1187,mass,MG,cidade_mg_07,2023-12-09,True,active
1188,corporate,MG,cidade_mg_08,2022-05-25,True,active
1189,mass,SP,cidade_sp_09,2022-11-05,True,inactive
1190,mass,BA,cidade_ba_10,2022-08-13,False,active
1191,premium,PR,cidade_pr_11,2020-08-29,False,active
1192,premium,SC,cidade_sc_12,2024-05-14,False,active
1193,corporate,SP,cidade_sp_13,2023-04-05,True,active
1194,mass,RJ,cidade_rj_14,2023-02-21,True,active
1195,mass,PR,cidade_pr_15,2021-09-02,False,active
1196,mass,BA,cidade_ba_16,2021-09-01,False,active
1197,mass,SP,cidade_sp_17,2020-12-02,False,active
1198,premium,RS,cidade_rs_18,2022-03-25,True,active
1199,mass,BA,cidade_ba_19,2020-05-11,True,active
1200,premium,NA,cidade_rj_20,2021-12-05,True,active
1201,mass,PR,cidade_pr_01,2021-07-05,False,active
1202,mass,ES,cidade_es_02,2021-03-07,False,active
1203,premium,PR,cidade_pr_03,2020-04-17,True,active
1204,mass,SP,cidade_sp_04,2020-01-08,True,active
1205,premium,SC,cidade_sc_05,2023-05-16,False,active
1206,mass,SP,cidade_sp_06,2024-06-05,False,active
1207,mass,PE,cidade_pe_07,2024-05-30,True,active
1208,mass,PE,cidade_pe_08,2020-11-13,False,active
1209,premium,SP,cidade_sp_09,2022-05-31,True,active
1210,mass,RJ,cidade_rj_10,2021-02-15,True,active
1211,mass,RJ,cidade_rj_11,2023-03-14,False,inactive
1212,premium,SP,cidade_sp_12,2022-02-09,True,active
1213,mass,SP,cidade_sp_13,2021-12-12,True,active
1214,corporate,RS,cidade_rs_14,2021-05-31,True,active
1215,corporate,RJ,cidade_rj_15,2022-04-04,True,inactive
1216,mass,SP,cidade_sp_16,2022-07-23,True,active
1217,mass,SP,cidade_sp_17,2020-02-18,True,active
1218,mass,SP,cidade_sp_18,2021-07-29,True,active
1219,corporate,SP,cidade_sp_19,2024-02-06,True,active
1220,premium,RJ,cidade_rj_20,2024-05-10,True,active
1221,mass,MG,cidade_mg_01,2022-11-15,True,active
1222,mass,RS,cidade_rs_02,2023-07-13,False,active
1223,mass,SP,cidade_sp_03,2022-01-19,True,inactive
1224,mass,BA,cidade_ba_04,2020-01-31,True,active
1225,mass,RS,cidade_rs_05,2021-06-10,False,active
1226,mass,MG,cidade_mg_06,2020-02-06,True,active
1227,premium,BA,cidade_ba_07,2020-08-26,False,active
1228,corporate,SP,cidade_sp_08,2021-12-15,True,active
1229,mass,BA,cidade_ba_09,2021-09-08,False,active
1230,mass,SP,cidade_sp_10,2024-05-26,False,active
1231,mass,RJ,cidade_rj_11,2024-02-06,False,active
1232,mass,SP,cidade_sp_12,2024-02-15,True,active
1233,mass,SC,cidade_sc_13,2020-03-03,True,active
1234,mass,MG,cidade_mg_14,2021-02-12,True,active
1235,premium,SP,cidade_sp_15,2022-11-23,True,active
1236,mass,GO,cidade_go_16,2020-05-24,True,active
1237,premium,SP,cidade_sp_17,2023-05-15,True,active
1238,mass,SP,cidade_sp_18,2023-05-11,False,active
1239,premium,RJ,cidade_rj_19,2020-07-31,True,active
1240,mass,SP,cidade_sp_20,2020-07-23,False,active
1241,mass,RJ,cidade_rj_01,2020-06-17,False,active
1242,premium,PR,cidade_pr_02,2022-08-25,False,active
1243,mass,RS,cidade_rs_03,2020-02-13,True,inactive
1244,mass,SP,cidade_sp_04,2020-05-11,True,active
1245,mass,RJ,cidade_rj_05,2020-02-18,False,active
1246,mass,MG,cidade_mg_06,2022-07-16,True,active
1247,premium,RJ,cidade_rj_07,2023-04-21,False,active
1248,corporate,RJ,cidade_rj_08,2021-08-17,False,active
1249,mass,SP,cidade_sp_09,2022-11-04,True,active
1250,corporate,PR,cidade_pr_10,2020-12-18,True,active
1251,premium,PE,cidade_pe_11,2022-01-20,True,active
1252,mass,SP,cidade_sp_12,2024-10-07,False,active
1253,mass,PR,cidade_pr_13,2021-05-01,False,active
1254,mass,RJ,cidade_rj_14,2020-12-16,False,active
1255,mass,SC,cidade_sc_15,2022-04-25,True,active
1256,mass,SP,cidade_sp_16,2024-08-17,False,active
1257,mass,PE,cidade_pe_17,2022-08-01,True,active
1258,premium,RJ,cidade_rj_18,2023-10-27,True,inactive
1259,mass,SC,cidade_sc_19,2022-12-14,True,active
1260,premium,RS,cidade_rs_20,2023-06-01,True,active
1261,mass,SC,cidade_sc_01,2021-04-20,True,active
1262,mass,PE,cidade_pe_02,2021-08-08,False,active
1263,mass,RJ,cidade_rj_03,2022-07-31,True,active
1264,mass,SC,cidade_sc_04,2020-09-28,False,active
1265,mass,RJ,cidade_rj_05,2024-04-15,True,active
1266,mass,RJ,cidade_rj_06,2023-01-11,False,active
1267,mass,SP,cidade_sp_07,2023-01-07,True,active
1268,mass,SP,cidade_sp_08,2020-10-29,False,active
1269,mass,SP,cidade_sp_09,2020-10-21,True,active
1270,mass,RS,cidade_rs_10,2023-11-23,True,active
1271,premium,RS,cidade_rs_11,2021-03-12,False,active
1272,mass,PE,cidade_pe_12,2023-12-26,False,inactive
1273,mass,MG,cidade_mg_13,2022-05-20,True,active
1274,mass,SP,cidade_sp_14,2020-08-22,False,active
1275,premium,RS,cidade_rs_15,2024-07-26,True,active
1276,mass,NA,cidade_sp_16,2024-03-03,False,active
1277,mass,MG,cidade_mg_17,2020-02-17,True,inactive
1278,mass,SP,cidade_sp_18,2020-11-09,True,active
1279,premium,SP,cidade_sp_19,2021-04-09,True,active
1280,mass,PE,cidade_pe_20,2021-01-08,True,active
1281,mass,PR,cidade_pr_01,2023-09-18,True,active
1282,corporate,SP,cidade_sp_02,2022-02-15,True,active
1283,corporate,BA,cidade_ba_03,2023-08-07,True,active
1284,premium,SP,cidade_sp_04,2024-04-10,False,active
1285,mass,PE,cidade_pe_05,2020-05-21,True,active
1286,mass,BA,cidade_ba_06,2022-03-11,True,active
1287,mass,RJ,cidade_rj_07,2023-01-04,True,active
1288,mass,PR,cidade_pr_08,2021-01-23,False,active
1289,corporate,MG,cidade_mg_09,2021-01-07,False,active
1290,mass,MG,cidade_mg_10,2023-03-11,True,active
1291,mass,SP,cidade_sp_11,2020-11-16,True,inactive
1292,mass,PR,cidade_pr_12,2023-08-25,True,active
1293,mass,PR,cidade_pr_13,2020-01-25,False,active
1294,mass,MG,cidade_mg_14,2022-10-16,True,inactive
1295,premium,RJ,cidade_rj_15,2022-02-05,True,active
1296,mass,RJ,cidade_rj_16,2020-08-11,True,active
1297,mass,PR,cidade_pr_17,2023-11-18,True,active
1298,mass,RJ,cidade_rj_18,2023-01-25,False,active
1299,premium,PR,cidade_pr_19,2021-12-13,True,active
1300,mass,NA,cidade_rs_20,2024-07-15,False,inactive
1301,mass,PE,cidade_pe_01,2023-02-05,True,active
1302,premium,SP,cidade_sp_02,2021-02-15,False,active
1303,corporate,RJ,cidade_rj_03,2020-10-25,True,active
1304,corporate,SC,cidade_sc_04,2022-01-24,True,active
1305,mass,MG,cidade_mg_05,2022-11-18,True,active
1306,mass,SP,cidade_sp_06,2024-10-19,False,active
1307,premium,SP,cidade_sp_07,2021-05-18,True,active
1308,mass,PR,cidade_pr_08,2024-05-09,True,active
1309,mass,PR,cidade_pr_09,2024-12-28,False,active
1310,mass,RS,cidade_rs_10,2024-12-19,True,active
1311,premium,SP,cidade_sp_11,2022-06-18,True,active
1312,mass,SP,cidade_sp_12,2022-11-11,True,active
1313,mass,SP,cidade_sp_13,2024-07-23,True,active
1314,mass,SP,cidade_sp_14,2024-04-23,False,active
1315,corporate,BA,cidade_ba_15,2023-01-29,True,active
1316,mass,SP,cidade_sp_16,2022-05-13,False,active
1317,mass,PR,cidade_pr_17,2020-02-19,False,active
1318,mass,SP,cidade_sp_18,2021-02-12,True,active
1319,mass,SP,cidade_sp_19,2020-09-21,True,active
1320,mass,RJ,cidade_rj_20,2021-12-04,True,inactive
1321,premium,SP,cidade_sp_01,2024-12-02,True,active
1322,premium,SP,cidade_sp_02,2023-04-20,True,active
1323,mass,RJ,cidade_rj_03,2020-01-08,True,active
1324,mass,SC,cidade_sc_04,2022-04-07,False,active
1325,premium,RS,cidade_rs_05,2021-02-13,True,active
1326,mass,SP,cidade_sp_06,2023-05-23,True,inactive
1327,mass,SP,cidade_sp_07,2021-12-12,True,active
1328,mass,SP,cidade_sp_08,2021-08-13,True,active
1329,premium,RJ,cidade_rj_09,2020-01-20,True,active
1330,mass,SP,cidade_sp_10,2024-03-20,False,active
1331,mass,MG,cidade_mg_11,2023-09-08,True,active
1332,mass,PR,cidade_pr_12,2020-12-24,True,active
1333,premium,PE,cidade_pe_13,2020-09-22,True,active
1334,mass,RS,cidade_rs_14,2022-03-14,True,active
1335,mass,GO,cidade_go_15,2022-04-27,True,inactive
1336,premium,RJ,cidade_rj_16,2023-03-20,False,active
1337,mass,BA,cidade_ba_17,2024-01-06,True,active
1338,premium,RS,cidade_rs_18,2022-10-22,True,active
1339,premium,RS,cidade_rs_19,2023-02-17,True,inactive
1340,mass,SP,cidade_sp_20,2023-02-13,True,active
1341,mass,BA,cidade_ba_01,2022-01-13,True,active
1342,mass,PE,cidade_pe_02,2023-09-30,True,active
1343,mass,RS,cidade_rs_03,2024-10-07,True,active
1344,corporate,RS,cidade_rs_04,2021-01-20,False,active
1345,mass,RS,cidade_rs_05,2024-10-28,True,active
1346,mass,MG,cidade_mg_06,2024-03-16,True,active
1347,premium,BA,cidade_ba_07,2024-11-11,False,active
1348,mass,SP,cidade_sp_08,2023-04-06,False,active
1349,mass,SP,cidade_sp_09,2020-11-14,True,active
1350,premium,PE,cidade_pe_10,2022-05-02,False,active
1351,mass,SP,cidade_sp_11,2021-10-05,False,active
1352,mass,RJ,cidade_rj_12,2020-05-28,True,active
1353,mass,RJ,cidade_rj_13,2023-05-22,False,inactive
1354,premium,BA,cidade_ba_14,2022-10-22,True,active
1355,mass,SP,cidade_sp_15,2024-02-08,True,inactive
1356,mass,MG,cidade_mg_16,2023-11-26,True,active
1357,mass,SP,cidade_sp_17,2022-01-13,True,active
1358,mass,RS,cidade_rs_18,2023-07-16,True,active
1359,mass,BA,cidade_ba_19,2020-08-12,True,active
1360,mass,RJ,cidade_rj_20,2024-10-14,False,active
1361,mass,PE,cidade_pe_01,2023-10-20,False,active
1362,corporate,RJ,cidade_rj_02,2024-01-15,False,active
1363,premium,SP,cidade_sp_03,2020-10-05,True,active
1364,mass,SC,cidade_sc_04,2024-08-18,False,inactive
1365,mass,SC,cidade_sc_05,2023-04-27,True,active
1366,corporate,SP,cidade_sp_06,2022-02-10,True,active
1367,corporate,RS,cidade_rs_07,2021-01-19,False,active
1368,premium,SC,cidade_sc_08,2021-06-06,False,active
1369,mass,SC,cidade_sc_09,2021-11-17,True,active
1370,mass,ES,cidade_es_10,2020-03-15,True,active
1371,mass,RJ,cidade_rj_11,2021-12-07,True,active
1372,mass,RJ,cidade_rj_12,2024-10-24,False,active
1373,mass,SC,cidade_sc_13,2022-04-20,False,active
1374,mass,RJ,cidade_rj_14,2021-10-05,False,active
1375,mass,SP,cidade_sp_15,2023-05-27,True,inactive
1376,mass,MG,cidade_mg_16,2024-12-27,False,active
1377,mass,SP,cidade_sp_17,2020-11-12,False,active
1378,mass,RJ,cidade_rj_18,2024-01-13,False,active
1379,premium,SP,cidade_sp_19,2020-12-21,True,active
1380,mass,BA,cidade_ba_20,2023-10-28,False,active
1381,mass,PR,cidade_pr_01,2024-08-07,False,active
1382,mass,SP,cidade_sp_02,2024-04-30,False,active
1383,mass,BA,cidade_ba_03,2024-01-15,False,active
1384,mass,BA,cidade_ba_04,2024-09-01,True,active
1385,corporate,SC,cidade_sc_05,2024-07-31,True,active
1386,corporate,SP,cidade_sp_06,2022-09-22,False,inactive
1387,mass,SP,cidade_sp_07,2021-05-07,True,active
1388,premium,MG,cidade_mg_08,2023-09-07,False,active
1389,corporate,PE,cidade_pe_09,2021-10-07,False,active
1390,premium,RJ,cidade_rj_10,2022-10-27,True,active
1391,premium,RS,cidade_rs_11,2022-04-03,False,active
1392,mass,SP,cidade_sp_12,2023-04-17,True,active
1393,mass,MG,cidade_mg_13,2024-06-17,False,active
1394,mass,SP,cidade_sp_14,2023-06-21,True,active
1395,mass,MG,cidade_mg_15,2023-08-07,True,active
1396,mass,ES,cidade_es_16,2023-01-18,True,inactive
1397,premium,RS,cidade_rs_17,2024-04-04,True,active
1398,corporate,PE,cidade_pe_18,2024-06-27,True,active
1399,mass,RJ,cidade_rj_19,2020-03-26,False,active
1400,mass,SP,cidade_sp_20,2023-05-19,True,active
1401,premium,SP,cidade_sp_01,2023-05-22,True,active
1402,mass,SP,cidade_sp_02,2020-09-28,True,active
1403,mass,RJ,cidade_rj_03,2020-03-03,False,active
1404,corporate,SP,cidade_sp_04,2023-04-27,False,active
1405,mass,RS,cidade_rs_05,2021-04-13,False,active
1406,corporate,SP,cidade_sp_06,2021-02-23,True,active
1407,mass,SP,cidade_sp_07,2022-01-30,True,active
1408,mass,PE,cidade_pe_08,2020-06-04,True,active
1409,mass,SP,cidade_sp_09,2024-08-23,True,active
1410,mass,SP,cidade_sp_10,2020-03-17,True,active
1411,premium,SP,cidade_sp_11,2022-04-27,False,active
1412,mass,BA,cidade_ba_12,2024-09-19,True,active
1413,mass,MG,cidade_mg_13,2022-12-19,True,active
1414,premium,RS,cidade_rs_14,2021-01-02,True,active
1415,mass,SP,cidade_sp_15,2023-06-29,False,active
1416,mass,BA,cidade_ba_16,2020-01-29,False,active
1417,mass,RJ,cidade_rj_17,2022-11-04,True,active
1418,mass,RS,cidade_rs_18,2020-03-09,True,active
1419,mass,SC,cidade_sc_19,2022-07-22,True,active
1420,mass,PR,cidade_pr_20,2024-11-15,False,active
1421,mass,MG,cidade_mg_01,2024-05-22,False,active
1422,mass,SP,cidade_sp_02,2023-06-19,True,active
1423,mass,MG,cidade_mg_03,2022-12-24,True,active
1424,mass,PR,cidade_pr_04,2021-07-02,False,active
1425,premium,RJ,cidade_rj_05,2024-03-29,True,active
1426,mass,PR,cidade_pr_06,2022-02-03,True,active
1427,mass,SP,cidade_sp_07,2024-06-20,False,active
1428,mass,SC,cidade_sc_08,2023-06-13,True,active
1429,mass,MG,cidade_mg_09,2023-11-25,False,active
1430,mass,SP,cidade_sp_10,2020-05-22,False,active
1431,mass,RJ,cidade_rj_11,2024-04-06,False,active
1432,premium,MG,cidade_mg_12,2023-04-10,False,active
1433,corporate,GO,cidade_go_13,2021-06-21,True,active
1434,mass,PR,cidade_pr_14,2022-11-02,True,active
1435,premium,SP,cidade_sp_15,2024-05-11,True,active
1436,mass,MG,cidade_mg_16,2020-04-12,False,inactive
1437,mass,PE,cidade_pe_17,2021-10-17,True,active
1438,mass,BA,cidade_ba_18,2021-04-22,True,active
1439,premium,SP,cidade_sp_19,2020-10-16,False,active
1440,mass,PR,cidade_pr_20,2022-06-13,False,active
1441,mass,BA,cidade_ba_01,2023-11-06,False,active
1442,mass,SP,cidade_sp_02,2022-07-05,False,active
1443,mass,SP,cidade_sp_03,2024-09-10,True,active
1444,mass,RJ,cidade_rj_04,2020-03-15,False,inactive
1445,corporate,RS,cidade_rs_05,2021-09-27,False,active
1446,mass,SP,cidade_sp_06,2020-07-31,True,active
1447,mass,SP,cidade_sp_07,2024-09-18,True,active
1448,corporate,PE,cidade_pe_08,2021-01-05,True,active
1449,premium,RS,cidade_rs_09,2023-07-03,True,active
1450,mass,SP,cidade_sp_10,2020-08-28,True,active
1451,premium,SP,cidade_sp_11,2024-04-07,True,active
1452,mass,BA,cidade_ba_12,2020-03-29,True,active
1453,mass,MG,cidade_mg_13,2021-03-29,True,active
1454,mass,PE,cidade_pe_14,2023-04-08,False,active
1455,mass,MG,cidade_mg_15,2022-11-29,False,active
1456,mass,MG,cidade_mg_16,2022-12-06,False,active
1457,mass,BA,cidade_ba_17,2023-10-27,True,active
1458,corporate,MG,cidade_mg_18,2021-11-18,False,active
1459,premium,MG,cidade_mg_19,2020-09-10,True,active
1460,mass,SP,cidade_sp_20,2022-08-23,True,active
1461,mass,PE,cidade_pe_01,2020-07-13,True,active
1462,mass,SC,cidade_sc_02,2023-07-11,True,active
1463,mass,SC,cidade_sc_03,2020-12-13,False,active
1464,mass,PR,cidade_pr_04,2023-08-13,False,active
1465,mass,RJ,cidade_rj_05,2024-11-02,True,active
1466,mass,SP,cidade_sp_06,2021-01-20,True,active
1467,corporate,RS,cidade_rs_07,2022-10-09,True,active
1468,mass,MG,cidade_mg_08,2020-01-24,False,active
1469,premium,MG,cidade_mg_09,2022-10-31,False,active
1470,premium,SP,cidade_sp_10,2024-10-26,True,active
1471,mass,PR,cidade_pr_11,2021-05-07,True,active
1472,premium,MG,cidade_mg_12,2023-06-28,True,active
1473,premium,GO,cidade_go_13,2020-02-18,True,active
1474,mass,PR,cidade_pr_14,2023-11-17,True,inactive
1475,mass,GO,cidade_go_15,2020-06-27,False,active
1476,premium,GO,cidade_go_16,2022-08-01,True,active
1477,mass,BA,cidade_ba_17,2021-07-13,True,active
1478,mass,SC,cidade_sc_18,2020-04-28,True,active
1479,mass,PR,cidade_pr_19,2022-12-06,True,active
1480,mass,SP,cidade_sp_20,2024-08-16,False,active
1481,premium,MG,cidade_mg_01,2020-08-28,True,active
1482,mass,SP,cidade_sp_02,2021-12-05,False,active
1483,mass,SP,cidade_sp_03,2021-11-13,False,active
1484,mass,ES,cidade_es_04,2024-07-30,True,active
1485,mass,SP,cidade_sp_05,2024-01-07,True,active
1486,mass,RJ,cidade_rj_06,2020-09-23,True,active
1487,mass,SP,cidade_sp_07,2020-06-10,False,active
1488,mass,RS,cidade_rs_08,2021-10-03,False,active
1489,premium,MG,cidade_mg_09,2021-10-22,False,active
1490,mass,SP,cidade_sp_10,2023-03-26,True,active
1491,mass,MG,cidade_mg_11,2020-07-19,False,active
1492,premium,BA,cidade_ba_12,2023-05-24,True,active
1493,mass,MG,cidade_mg_13,2023-04-11,False,active
1494,mass,MG,cidade_mg_14,2024-09-21,True,active
1495,mass,RJ,cidade_rj_15,2023-01-20,True,active
1496,mass,GO,cidade_go_16,2022-12-21,True,active
1497,premium,SP,cidade_sp_17,2020-06-05,True,active
1498,mass,MG,cidade_mg_18,2023-05-08,False,active
1499,mass,RJ,cidade_rj_19,2023-02-08,True,active
1500,mass,SC,cidade_sc_20,2020-02-28,True,active
1501,premium,PR,cidade_pr_01,2024-07-02,True,active
1502,mass,SP,cidade_sp_02,2022-06-24,True,active
1503,mass,MG,cidade_mg_03,2022-01-24,True,active
1504,mass,MG,cidade_mg_04,2024-05-08,True,active
1505,mass,RS,cidade_rs_05,2023-10-29,True,active
1506,mass,BA,cidade_ba_06,2020-10-29,True,active
1507,corporate,RJ,cidade_rj_07,2021-03-09,False,active
1508,mass,PR,cidade_pr_08,2024-10-05,True,active
1509,corporate,SP,cidade_sp_09,2023-03-15,True,active
1510,mass,SP,cidade_sp_10,2024-06-20,True,active
1511,mass,PE,cidade_pe_11,2022-06-30,True,inactive
1512,mass,ES,cidade_es_12,2021-05-09,True,inactive
1513,mass,SC,cidade_sc_13,2021-06-13,False,inactive
1514,mass,GO,cidade_go_14,2023-04-18,False,active
1515,mass,PR,cidade_pr_15,2022-03-26,True,active
1516,premium,RS,cidade_rs_16,2021-07-14,True,active
1517,premium,SC,cidade_sc_17,2023-07-08,True,active
1518,mass,BA,cidade_ba_18,2021-04-20,False,active
1519,mass,SP,cidade_sp_19,2021-03-02,True,active
1520,mass,SP,cidade_sp_20,2021-05-17,True,active
1521,mass,GO,cidade_go_01,2023-09-22,False,active
1522,mass,RS,cidade_rs_02,2022-08-14,False,active
1523,premium,SP,cidade_sp_03,2021-10-17,True,active
1524,mass,RJ,cidade_rj_04,2024-06-17,True,active
1525,mass,SP,cidade_sp_05,2023-10-05,True,active
1526,mass,BA,cidade_ba_06,2023-05-03,True,active
1527,corporate,PR,cidade_pr_07,2022-09-05,True,active
1528,mass,SP,cidade_sp_08,2021-06-09,False,active
1529,mass,SP,cidade_sp_09,2024-02-05,True,active
1530,premium,SP,cidade_sp_10,2021-09-02,True,inactive
1531,premium,SC,cidade_sc_11,2020-11-12,False,active
1532,mass,RS,cidade_rs_12,2023-10-19,True,active
1533,premium,MG,cidade_mg_13,2023-11-28,False,active
1534,mass,SP,cidade_sp_14,2021-03-20,True,inactive
1535,mass,BA,cidade_ba_15,2020-05-26,True,active
1536,premium,RS,cidade_rs_16,2020-02-07,False,active
1537,mass,SP,cidade_sp_17,2020-08-15,True,inactive
1538,mass,RJ,cidade_rj_18,2021-04-23,False,active
1539,mass,SP,cidade_sp_19,2020-04-12,True,active
1540,premium,MG,cidade_mg_20,2021-02-12,True,active
1541,mass,SP,cidade_sp_01,2023-12-30,True,active
1542,premium,SP,cidade_sp_02,2020-08-08,True,active
1543,mass,MG,cidade_mg_03,2023-10-25,True,active
1544,mass,PR,cidade_pr_04,2022-09-26,False,active
1545,premium,SP,cidade_sp_05,2021-01-24,False,active
1546,mass,PE,cidade_pe_06,2021-09-25,True,active
1547,mass,RS,cidade_rs_07,2024-05-26,False,active
1548,premium,MG,cidade_mg_08,2021-01-07,True,inactive
1549,mass,MG,cidade_mg_09,2020-02-08,False,active
1550,premium,SP,cidade_sp_10,2022-10-23,False,active
1551,mass,SP,cidade_sp_11,2023-05-28,False,active
1552,premium,BA,cidade_ba_12,2021-01-04,True,inactive
1553,premium,GO,cidade_go_13,2022-06-03,True,active
1554,corporate,RJ,cidade_rj_14,2023-02-27,True,inactive
1555,mass,PE,cidade_pe_15,2021-01-17,True,inactive
1556,corporate,RJ,cidade_rj_16,2022-12-25,False,active
1557,mass,PR,cidade_pr_17,2022-01-08,True,active
1558,premium,MG,cidade_mg_18,2024-10-08,False,active
1559,mass,SP,cidade_sp_19,2020-09-13,False,active
1560,mass,PR,cidade_pr_20,2020-06-21,True,active
1561,mass,SP,cidade_sp_01,2024-02-10,True,active
1562,mass,SP,cidade_sp_02,2020-06-24,False,active
1563,premium,MG,cidade_mg_03,2024-08-01,True,active
1564,corporate,RS,cidade_rs_04,2024-10-24,True,active
1565,mass,ES,cidade_es_05,2023-01-06,True,active
1566,mass,SP,cidade_sp_06,2022-09-18,True,inactive
1567,mass,SP,cidade_sp_07,2023-05-06,False,active
1568,corporate,SP,cidade_sp_08,2024-01-16,False,active
1569,premium,RS,cidade_rs_09,2024-06-10,True,active
1570,mass,SP,cidade_sp_10,2023-08-03,True,active
1571,premium,SC,cidade_sc_11,2022-08-24,True,active
1572,premium,RJ,cidade_rj_12,2020-12-18,True,active
1573,mass,SP,cidade_sp_13,2024-10-12,False,active
1574,mass,PE,cidade_pe_14,2020-04-18,True,active
1575,premium,SP,cidade_sp_15,2024-11-14,True,active
1576,mass,RS,cidade_rs_16,2022-05-15,True,active
1577,mass,SC,cidade_sc_17,2021-05-13,False,active
1578,corporate,SP,cidade_sp_18,2020-03-11,True,active
1579,mass,BA,cidade_ba_19,2022-03-27,True,active
1580,premium,SP,cidade_sp_20,2022-08-06,True,active
1581,mass,SP,cidade_sp_01,2020-11-02,True,active
1582,premium,MG,cidade_mg_02,2022-02-17,True,active
1583,premium,SP,cidade_sp_03,2021-11-05,False,active
1584,premium,SC,cidade_sc_04,2022-04-26,True,active
1585,premium,NA,cidade_go_05,2020-03-16,False,inactive
1586,mass,MG,cidade_mg_06,2023-07-23,False,active
1587,mass,SP,cidade_sp_07,2021-07-30,True,active
1588,mass,MG,cidade_mg_08,2024-12-16,False,active
1589,premium,SC,cidade_sc_09,2022-11-17,False,active
1590,corporate,SP,cidade_sp_10,2024-12-08,True,active
1591,corporate,RJ,cidade_rj_11,2021-01-22,True,active
1592,mass,SP,cidade_sp_12,2024-03-05,True,active
1593,mass,SP,cidade_sp_13,2022-12-12,True,active
1594,mass,SP,cidade_sp_14,2024-06-15,True,active
1595,corporate,MG,cidade_mg_15,2020-03-30,True,active
1596,premium,SP,cidade_sp_16,2022-07-09,True,active
1597,corporate,SC,cidade_sc_17,2020-04-06,False,active
1598,mass,SP,cidade_sp_18,2023-08-06,True,active
1599,mass,SP,cidade_sp_19,2020-03-12,False,active
1600,mass,RJ,cidade_rj_20,2022-08-19,False,active
1601,premium,SP,cidade_sp_01,2022-11-06,False,active
1602,premium,PR,cidade_pr_02,2021-01-14,False,active
1603,mass,RS,cidade_rs_03,2024-01-16,True,active
1604,mass,SP,cidade_sp_04,2024-09-27,True,active
1605,mass,SP,cidade_sp_05,2022-08-17,True,active
1606,premium,GO,cidade_go_06,2022-08-03,True,active
1607,mass,SP,cidade_sp_07,2022-03-10,True,active
1608,mass,SC,cidade_sc_08,2023-10-22,False,active
1609,mass,RS,cidade_rs_09,2020-01-07,True,active
1610,mass,SC,cidade_sc_10,2021-07-28,False,active
1611,mass,RS,cidade_rs_11,2020-05-09,False,active
1612,mass,MG,cidade_mg_12,2022-09-30,False,active
1613,mass,MG,cidade_mg_13,2022-08-06,True,active
1614,mass,SP,cidade_sp_14,2020-05-11,True,active
1615,mass,RJ,cidade_rj_15,2020-10-16,True,active
1616,mass,SP,cidade_sp_16,2024-10-30,False,active
1617,corporate,SP,cidade_sp_17,2020-01-24,False,active
1618,mass,SP,cidade_sp_18,2024-06-08,True,active
1619,mass,BA,cidade_ba_19,2022-06-16,False,active
1620,mass,RS,cidade_rs_20,2021-01-28,False,active
1621,premium,BA,cidade_ba_01,2022-07-01,True,active
1622,mass,RJ,cidade_rj_02,2021-10-21,False,active
1623,premium,RS,cidade_rs_03,2023-01-02,True,active
1624,mass,NA,cidade_sp_04,2023-07-31,False,active
1625,mass,BA,cidade_ba_05,2023-04-05,True,active
1626,corporate,SP,cidade_sp_06,2023-06-10,True,active
1627,mass,SP,cidade_sp_07,2023-07-14,True,active
1628,mass,SP,cidade_sp_08,2021-08-21,True,inactive
1629,mass,RJ,cidade_rj_09,2024-01-12,False,active
1630,premium,RJ,cidade_rj_10,2020-08-14,False,active
1631,premium,SP,cidade_sp_11,2024-02-04,False,active
1632,mass,NA,cidade_sp_12,2021-05-30,True,active
1633,mass,SP,cidade_sp_13,2022-06-07,False,active
1634,mass,MG,cidade_mg_14,2024-05-19,True,active
1635,mass,SP,cidade_sp_15,2024-12-30,True,inactive
1636,mass,MG,cidade_mg_16,2024-10-16,False,active
1637,premium,SC,cidade_sc_17,2022-06-06,True,active
1638,mass,PR,cidade_pr_18,2021-10-06,True,inactive
1639,mass,MG,cidade_mg_19,2023-08-21,True,active
1640,mass,MG,cidade_mg_20,2023-10-28,True,active
1641,premium,MG,cidade_mg_01,2023-01-18,False,active
1642,mass,SP,cidade_sp_02,2023-08-09,False,active
1643,mass,RJ,cidade_rj_03,2024-01-15,True,active
1644,mass,PE,cidade_pe_04,2023-08-15,True,active
1645,premium,RS,cidade_rs_05,2024-09-16,True,active
1646,mass,MG,cidade_mg_06,2023-07-20,True,active
1647,corporate,SP,cidade_sp_07,2022-06-15,False,active
1648,mass,RS,cidade_rs_08,2022-11-18,True,active
1649,mass,SP,cidade_sp_09,2021-10-16,True,active
1650,mass,SP,cidade_sp_10,2023-07-22,True,active
1651,mass,MG,cidade_mg_11,2022-09-22,True,active
1652,premium,MG,cidade_mg_12,2022-08-05,False,active
1653,corporate,GO,cidade_go_13,2021-08-29,True,active
1654,mass,RS,cidade_rs_14,2020-06-26,False,inactive
1655,mass,RJ,cidade_rj_15,2021-08-10,False,active
1656,corporate,SC,cidade_sc_16,2023-03-21,True,active
1657,premium,SP,cidade_sp_17,2022-02-13,False,active
1658,mass,MG,cidade_mg_18,2020-06-26,True,active
1659,premium,RS,cidade_rs_19,2020-10-06,False,active
1660,mass,BA,cidade_ba_20,2021-02-06,False,active
1661,mass,MG,cidade_mg_01,2021-07-25,False,active
1662,mass,SP,cidade_sp_02,2021-09-14,False,active
1663,mass,SP,cidade_sp_03,2021-02-11,False,active
1664,mass,SP,cidade_sp_04,2021-09-15,False,inactive
1665,mass,MG,cidade_mg_05,2023-06-04,True,active
1666,mass,RS,cidade_rs_06,2020-08-13,True,active
1667,premium,MG,cidade_mg_07,2024-04-19,True,active
1668,premium,MG,cidade_mg_08,2024-07-05,True,active
1669,mass,SP,cidade_sp_09,2021-03-10,True,active
1670,premium,PR,cidade_pr_10,2023-04-22,True,active
1671,premium,GO,cidade_go_11,2024-07-26,True,active
1672,mass,BA,cidade_ba_12,2020-09-30,True,active
1673,mass,BA,cidade_ba_13,2020-07-18,False,active
1674,mass,PR,cidade_pr_14,2020-11-30,True,active
1675,mass,SP,cidade_sp_15,2021-06-07,True,active
1676,premium,RS,cidade_rs_16,2024-09-23,True,active
1677,premium,SP,cidade_sp_17,2024-01-12,False,active
1678,premium,SP,cidade_sp_18,2021-05-06,False,active
1679,mass,MG,cidade_mg_19,2021-07-25,True,active
1680,premium,SP,cidade_sp_20,2023-01-13,False,active
1681,mass,MG,cidade_mg_01,2022-02-02,True,active
1682,mass,RJ,cidade_rj_02,2024-01-04,True,active
1683,corporate,PE,cidade_pe_03,2022-07-18,False,active
1684,mass,SC,cidade_sc_04,2021-06-05,True,active
1685,mass,RS,cidade_rs_05,2021-04-29,True,active
1686,mass,BA,cidade_ba_06,2021-06-19,False,active
1687,mass,PE,cidade_pe_07,2023-10-18,True,inactive
1688,mass,PR,cidade_pr_08,2020-02-23,False,active
1689,corporate,GO,cidade_go_09,2023-01-15,True,active
1690,premium,PR,cidade_pr_10,2023-05-23,True,active
1691,mass,SP,cidade_sp_11,2021-05-18,False,active
1692,mass,PE,cidade_pe_12,2022-10-20,True,active
1693,mass,SP,cidade_sp_13,2021-09-27,True,active
1694,mass,BA,cidade_ba_14,2022-12-30,True,active
1695,premium,MG,cidade_mg_15,2022-04-23,True,inactive
1696,mass,RS,cidade_rs_16,2022-12-31,True,active
1697,mass,PR,cidade_pr_17,2022-11-18,False,active
1698,mass,RJ,cidade_rj_18,2020-05-23,True,active
1699,mass,ES,cidade_es_19,2021-03-27,True,active
1700,mass,RJ,cidade_rj_20,2023-09-08,True,active
1701,mass,RS,cidade_rs_01,2020-03-17,True,active
1702,premium,PE,cidade_pe_02,2020-04-09,True,inactive
1703,mass,SC,cidade_sc_03,2021-10-30,False,active
1704,mass,RJ,cidade_rj_04,2024-02-25,False,active
1705,mass,RJ,cidade_rj_05,2020-07-19,False,active
1706,premium,RS,cidade_rs_06,2024-07-08,True,active
1707,mass,BA,cidade_ba_07,2020-08-19,True,active
1708,mass,SP,cidade_sp_08,2020-08-11,False,active
1709,premium,RJ,cidade_rj_09,2021-06-12,True,active
1710,premium,SP,cidade_sp_10,2021-03-08,False,active
1711,mass,PR,cidade_pr_11,2023-11-09,False,active
1712,mass,MG,cidade_mg_12,2023-09-18,True,active
1713,mass,PE,cidade_pe_13,2020-07-04,True,active
1714,premium,MG,cidade_mg_14,2024-06-01,True,active
1715,mass,RS,cidade_rs_15,2020-10-11,False,active
1716,premium,RJ,cidade_rj_16,2022-04-01,True,active
1717,premium,SP,cidade_sp_17,2021-10-10,False,active
1718,mass,RS,cidade_rs_18,2024-05-28,True,active
1719,mass,SC,cidade_sc_19,2023-09-26,True,inactive
1720,mass,SP,cidade_sp_20,2024-02-06,False,active
1721,premium,SP,cidade_sp_01,2023-09-16,True,active
1722,mass,RS,cidade_rs_02,2022-01-02,True,active
1723,mass,GO,cidade_go_03,2023-06-26,False,active
1724,mass,SP,cidade_sp_04,2023-09-03,True,active
1725,mass,SC,cidade_sc_05,2024-12-24,True,active
1726,premium,BA,cidade_ba_06,2022-03-16,True,active
1727,mass,SC,cidade_sc_07,2024-05-15,False,active
1728,mass,SP,cidade_sp_08,2024-11-10,True,active
1729,mass,BA,cidade_ba_09,2020-06-14,False,active
1730,mass,SC,cidade_sc_10,2020-08-11,True,active
1731,mass,RJ,cidade_rj_11,2020-12-01,False,active
1732,premium,SP,cidade_sp_12,2021-04-03,True,active
1733,premium,RJ,cidade_rj_13,2021-10-26,True,active
1734,mass,SP,cidade_sp_14,2020-02-19,False,active
1735,mass,SP,cidade_sp_15,2022-12-05,False,active
1736,mass,SP,cidade_sp_16,2024-04-20,True,active
1737,mass,SP,cidade_sp_17,2020-04-11,False,active
1738,mass,PE,cidade_pe_18,2023-10-20,False,active
1739,mass,SP,cidade_sp_19,2023-10-18,True,active
1740,premium,SP,cidade_sp_20,2024-10-24,True,active
1741,premium,SP,cidade_sp_01,2021-08-12,True,active
1742,mass,GO,cidade_go_02,2023-11-28,False,active
1743,mass,SP,cidade_sp_03,2020-05-13,True,active
1744,mass,PR,cidade_pr_04,2024-02-01,False,active
1745,mass,RJ,cidade_rj_05,2021-05-01,True,active
1746,mass,RJ,cidade_rj_06,2021-04-01,False,active
1747,mass,RJ,cidade_rj_07,2020-08-14,False,active
1748,premium,PR,cidade_pr_08,2020-10-27,False,active
1749,mass,SP,cidade_sp_09,2022-12-21,True,active
1750,mass,RJ,cidade_rj_10,2023-05-12,True,inactive
1751,mass,SP,cidade_sp_11,2020-07-26,True,active
1752,mass,PR,cidade_pr_12,2021-03-20,False,active
1753,mass,SP,cidade_sp_13,2020-07-14,False,active
1754,premium,PR,cidade_pr_14,2020-12-04,False,active
1755,mass,MG,cidade_mg_15,2022-09-17,True,active
1756,mass,SP,cidade_sp_16,2022-01-26,False,active
1757,mass,PE,cidade_pe_17,2022-09-22,False,active
1758,corporate,RS,cidade_rs_18,2023-10-20,True,active
1759,mass,SP,cidade_sp_19,2022-03-01,True,active
1760,mass,RS,cidade_rs_20,2020-04-20,True,active
1761,mass,SP,cidade_sp_01,2024-10-15,True,active
1762,premium,SP,cidade_sp_02,2024-08-20,True,active
1763,mass,MG,cidade_mg_03,2021-07-17,False,active
1764,corporate,SP,cidade_sp_04,2020-06-20,True,active
1765,mass,RS,cidade_rs_05,2020-12-25,True,active
1766,mass,BA,cidade_ba_06,2021-10-18,False,active
1767,premium,MG,cidade_mg_07,2022-12-16,True,active
1768,premium,RS,cidade_rs_08,2021-05-01,False,active
1769,mass,RJ,cidade_rj_09,2021-08-06,True,inactive
1770,mass,SP,cidade_sp_10,2023-09-01,True,active
1771,premium,SC,cidade_sc_11,2020-01-31,True,active
1772,mass,ES,cidade_es_12,2021-03-14,True,active
1773,mass,SP,cidade_sp_13,2022-07-19,False,active
1774,mass,PE,cidade_pe_14,2021-04-24,False,active
1775,premium,PR,cidade_pr_15,2023-06-15,False,inactive
1776,mass,SP,cidade_sp_16,2023-01-06,True,active
1777,mass,RJ,cidade_rj_17,2022-06-30,True,active
1778,premium,SP,cidade_sp_18,2023-03-07,True,active
1779,mass,BA,cidade_ba_19,2021-08-18,False,active
1780,mass,SP,cidade_sp_20,2023-09-03,True,active
1781,mass,BA,cidade_ba_01,2020-09-06,True,active
1782,mass,RJ,cidade_rj_02,2020-04-23,True,active
1783,mass,RS,cidade_rs_03,2021-07-23,True,active
1784,mass,SC,cidade_sc_04,2020-03-01,True,active
1785,premium,SP,cidade_sp_05,2023-09-28,True,active
1786,mass,PR,cidade_pr_06,2021-12-24,False,active
1787,mass,BA,cidade_ba_07,2023-05-11,True,active
1788,premium,SP,cidade_sp_08,2021-11-08,False,active
1789,premium,SP,cidade_sp_09,2023-06-16,False,active
1790,mass,SP,cidade_sp_10,2022-12-21,True,active
1791,premium,SC,cidade_sc_11,2020-06-05,True,active
1792,mass,PR,cidade_pr_12,2023-11-16,True,active
1793,mass,SC,cidade_sc_13,2024-12-25,False,active
1794,mass,SC,cidade_sc_14,2022-06-07,True,active
1795,mass,SP,cidade_sp_15,2022-03-28,False,inactive
1796,mass,SP,cidade_sp_16,2022-03-03,False,active
1797,mass,RJ,cidade_rj_17,2024-06-09,True,active
1798,mass,SP,cidade_sp_18,2023-03-17,True,active
1799,mass,RS,cidade_rs_19,2024-10-06,False,active
1800,premium,RS,cidade_rs_20,2021-01-18,False,active
1801,premium,MG,cidade_mg_01,2021-07-07,False,inactive
1802,mass,SP,cidade_sp_02,2023-08-30,True,active
1803,mass,PR,cidade_pr_03,2021-12-05,True,active
1804,premium,RS,cidade_rs_04,2022-04-10,True,active
1805,mass,ES,cidade_es_05,2022-07-03,True,active
1806,mass,RJ,cidade_rj_06,2022-03-21,True,active
1807,premium,NA,cidade_pr_07,2022-05-10,True,active
1808,premium,RS,cidade_rs_08,2022-09-25,False,active
1809,mass,BA,cidade_ba_09,2022-09-21,False,active
1810,premium,SC,cidade_sc_10,2022-11-28,True,active
1811,premium,SP,cidade_sp_11,2020-12-09,False,active
1812,premium,MG,cidade_mg_12,2020-05-07,True,active
1813,premium,BA,cidade_ba_13,2023-05-21,False,active
1814,mass,SP,cidade_sp_14,2021-03-21,True,inactive
1815,mass,SP,cidade_sp_15,2023-12-12,True,active
1816,mass,RJ,cidade_rj_16,2023-08-30,False,active
1817,mass,RS,cidade_rs_17,2021-04-29,False,active
1818,mass,MG,cidade_mg_18,2021-06-10,True,active
1819,corporate,RS,cidade_rs_19,2024-09-01,True,active
1820,mass,SP,cidade_sp_20,2023-10-17,True,active
1821,mass,PR,cidade_pr_01,2024-01-01,False,active
1822,mass,RS,cidade_rs_02,2020-06-08,True,active
1823,premium,SP,cidade_sp_03,2021-01-27,True,active
1824,mass,GO,cidade_go_04,2023-04-04,False,active
1825,mass,MG,cidade_mg_05,2024-06-11,False,inactive
1826,premium,MG,cidade_mg_06,2024-12-14,True,active
1827,mass,PE,cidade_pe_07,2024-04-22,True,active
1828,mass,RS,cidade_rs_08,2024-04-01,False,active
1829,mass,SP,cidade_sp_09,2020-04-12,True,active
1830,corporate,SP,cidade_sp_10,2023-01-02,True,inactive
1831,premium,ES,cidade_es_11,2020-08-06,True,active
1832,mass,RS,cidade_rs_12,2020-07-13,True,active
1833,corporate,PR,cidade_pr_13,2020-10-25,True,active
1834,mass,BA,cidade_ba_14,2022-09-17,True,active
1835,mass,MG,cidade_mg_15,2020-09-17,False,active
1836,mass,PR,cidade_pr_16,2021-08-12,False,active
1837,mass,SP,cidade_sp_17,2022-08-07,False,active
1838,premium,ES,cidade_es_18,2021-05-09,True,inactive
1839,mass,PR,cidade_pr_19,2020-06-29,True,active
1840,mass,MG,cidade_mg_20,2020-12-13,False,active
1841,corporate,SP,cidade_sp_01,2022-03-18,False,active
1842,mass,GO,cidade_go_02,2024-08-03,True,active
1843,corporate,MG,cidade_mg_03,2022-03-28,True,active
1844,premium,PR,cidade_pr_04,2022-11-07,True,active
1845,premium,PR,cidade_pr_05,2024-10-20,True,active
1846,mass,PR,cidade_pr_06,2022-07-20,True,inactive
1847,mass,SP,cidade_sp_07,2020-03-14,True,active
1848,mass,PR,cidade_pr_08,2024-05-30,True,active
1849,mass,SP,cidade_sp_09,2024-11-27,False,active
1850,mass,SC,cidade_sc_10,2023-02-22,False,active
1851,mass,GO,cidade_go_11,2023-08-31,True,active
1852,mass,RJ,cidade_rj_12,2021-04-19,True,active
1853,mass,SC,cidade_sc_13,2023-12-15,False,active
1854,premium,RJ,cidade_rj_14,2024-06-01,True,active
1855,mass,PR,cidade_pr_15,2023-01-10,True,active
1856,mass,PR,cidade_pr_16,2021-08-29,True,active
1857,mass,PR,cidade_pr_17,2024-01-04,False,active
1858,premium,PR,cidade_pr_18,2020-03-07,True,active
1859,premium,BA,cidade_ba_19,2022-12-04,True,active
1860,mass,SP,cidade_sp_20,2024-07-03,True,active
1861,premium,MG,cidade_mg_01,2023-02-15,True,active
1862,mass,RJ,cidade_rj_02,2024-12-31,False,active
1863,premium,MG,cidade_mg_03,2024-09-13,True,active
1864,mass,SC,cidade_sc_04,2024-05-11,True,active
1865,premium,SP,cidade_sp_05,2024-10-09,True,active
1866,mass,PR,cidade_pr_06,2023-09-09,True,active
1867,mass,SC,cidade_sc_07,2022-12-01,True,active
1868,mass,PR,cidade_pr_08,2022-01-18,False,active
1869,mass,SP,cidade_sp_09,2022-04-04,True,active
1870,mass,RJ,cidade_rj_10,2020-12-03,False,active
1871,mass,SC,cidade_sc_11,2022-12-27,True,inactive
1872,mass,GO,cidade_go_12,2022-07-28,True,active
1873,mass,RS,cidade_rs_13,2021-04-07,False,active
1874,premium,SP,cidade_sp_14,2022-11-22,True,active
1875,mass,MG,cidade_mg_15,2020-02-25,False,active
1876,corporate,RJ,cidade_rj_16,2024-09-15,True,active
1877,mass,SP,cidade_sp_17,2022-01-07,True,active
1878,mass,RJ,cidade_rj_18,2023-04-20,True,active
1879,corporate,RJ,cidade_rj_19,2020-08-12,True,inactive
1880,mass,SP,cidade_sp_20,2020-04-21,True,active
1881,mass,SP,cidade_sp_01,2021-05-03,False,active
1882,mass,SP,cidade_sp_02,2020-08-14,False,active
1883,mass,MG,cidade_mg_03,2023-06-27,False,active
1884,corporate,SP,cidade_sp_04,2023-02-01,False,active
1885,mass,RS,cidade_rs_05,2021-11-01,True,active
1886,premium,PR,cidade_pr_06,2023-10-29,True,active
1887,corporate,MG,cidade_mg_07,2021-02-05,True,active
1888,mass,NA,cidade_sp_08,2020-04-04,True,active
1889,mass,RS,cidade_rs_09,2022-03-16,False,active
1890,mass,GO,cidade_go_10,2022-11-04,True,active
1891,premium,MG,cidade_mg_11,2022-02-23,True,active
1892,mass,SC,cidade_sc_12,2020-09-06,True,active
1893,corporate,SP,cidade_sp_13,2020-07-22,True,inactive
1894,premium,RJ,cidade_rj_14,2021-04-01,True,active
1895,premium,SP,cidade_sp_15,2023-12-04,False,active
1896,mass,SP,cidade_sp_16,2023-05-24,True,inactive
1897,mass,GO,cidade_go_17,2022-02-25,True,active
1898,mass,PE,cidade_pe_18,2021-06-04,True,active
1899,corporate,RJ,cidade_rj_19,2022-12-08,True,inactive
1900,mass,MG,cidade_mg_20,2023-12-11,True,active
1901,mass,RJ,cidade_rj_01,2021-06-11,True,active
1902,mass,SP,cidade_sp_02,2024-08-26,True,active
1903,premium,MG,cidade_mg_03,2020-08-14,True,active
1904,premium,SP,cidade_sp_04,2020-04-12,True,active
1905,mass,GO,cidade_go_05,2023-12-15,True,active
1906,mass,SP,cidade_sp_06,2024-05-18,True,active
1907,mass,BA,cidade_ba_07,2024-07-18,True,active
1908,premium,PR,cidade_pr_08,2021-11-16,True,active
1909,mass,BA,cidade_ba_09,2021-02-14,True,active
1910,mass,MG,cidade_mg_10,2022-01-29,True,active
1911,mass,RJ,cidade_rj_11,2021-08-18,False,active
1912,premium,SC,cidade_sc_12,2021-09-05,True,active
1913,mass,RJ,cidade_rj_13,2021-09-27,False,active
1914,corporate,SP,cidade_sp_14,2021-03-04,True,active
1915,mass,RJ,cidade_rj_15,2023-05-08,False,active
1916,mass,SP,cidade_sp_16,2024-07-19,True,active
1917,mass,SP,cidade_sp_17,2024-12-15,True,active
1918,mass,ES,cidade_es_18,2020-12-27,True,active
1919,premium,MG,cidade_mg_19,2020-10-03,True,active
1920,mass,GO,cidade_go_20,2022-12-18,True,active
1921,premium,SP,cidade_sp_01,2021-03-28,True,active
1922,premium,PE,cidade_pe_02,2020-09-11,False,inactive
1923,mass,SP,cidade_sp_03,2024-10-21,False,inactive
1924,mass,SP,cidade_sp_04,2021-04-08,True,active
1925,mass,SP,cidade_sp_05,2024-02-28,True,active
1926,mass,RJ,cidade_rj_06,2024-07-18,False,active
1927,premium,PE,cidade_pe_07,2021-04-07,True,inactive
1928,mass,SP,cidade_sp_08,2024-04-18,True,active
1929,mass,PR,cidade_pr_09,2022-02-17,False,active
1930,corporate,GO,cidade_go_10,2023-05-19,True,active
1931,premium,SP,cidade_sp_11,2022-11-02,True,active
1932,mass,MG,cidade_mg_12,2023-10-12,True,active
1933,premium,SC,cidade_sc_13,2024-09-20,True,active
1934,mass,RS,cidade_rs_14,2021-08-15,True,active
1935,mass,SP,cidade_sp_15,2024-03-22,False,active
1936,corporate,SC,cidade_sc_16,2021-11-14,False,active
1937,mass,RJ,cidade_rj_17,2022-12-28,False,inactive
1938,mass,PR,cidade_pr_18,2024-08-14,False,active
1939,mass,PR,cidade_pr_19,2022-09-09,True,active
1940,mass,RS,cidade_rs_20,2022-10-16,True,inactive
1941,premium,SP,cidade_sp_01,2020-10-17,True,active
1942,mass,RS,cidade_rs_02,2021-07-02,True,active
1943,premium,PR,cidade_pr_03,2021-10-31,True,active
1944,mass,MG,cidade_mg_04,2024-05-31,False,active
1945,mass,SP,cidade_sp_05,2024-04-25,True,active
1946,mass,PR,cidade_pr_06,2023-10-03,True,active
1947,premium,PE,cidade_pe_07,2023-10-08,True,active
1948,premium,ES,cidade_es_08,2022-05-11,True,active
1949,mass,SC,cidade_sc_09,2024-11-22,True,active
1950,mass,MG,cidade_mg_10,2020-11-12,True,active
1951,mass,SP,cidade_sp_11,2024-01-14,True,active
1952,mass,GO,cidade_go_12,2021-12-20,True,inactive
1953,mass,MG,cidade_mg_13,2022-01-17,False,inactive
1954,corporate,SP,cidade_sp_14,2022-08-14,False,active
1955,premium,RS,cidade_rs_15,2021-05-19,False,active
1956,premium,SP,cidade_sp_16,2020-08-01,True,active
1957,mass,SP,cidade_sp_17,2022-11-26,False,active
1958,premium,BA,cidade_ba_18,2020-11-18,False,active
1959,mass,RJ,cidade_rj_19,2022-07-05,False,active
1960,mass,MG,cidade_mg_20,2024-12-15,True,active
1961,mass,SP,cidade_sp_01,2022-07-14,True,active
1962,premium,SP,cidade_sp_02,2023-06-28,True,active
1963,mass,SP,cidade_sp_03,2024-11-23,True,active
1964,mass,GO,cidade_go_04,2020-05-31,True,active
1965,premium,RS,cidade_rs_05,2021-09-04,True,active
1966,mass,SP,cidade_sp_06,2024-05-15,False,active
1967,premium,MG,cidade_mg_07,2024-06-26,False,active
1968,premium,RS,cidade_rs_08,2020-09-28,True,inactive
1969,mass,RS,cidade_rs_09,2020-04-01,True,active
1970,premium,SC,cidade_sc_10,2022-12-18,True,active
1971,mass,PR,cidade_pr_11,2021-11-18,True,active
1972,mass,SP,cidade_sp_12,2022-11-01,False,active
1973,premium,MG,cidade_mg_13,2022-05-18,True,active
1974,corporate,BA,cidade_ba_14,2023-06-04,False,active
1975,mass,PR,cidade_pr_15,2022-11-09,True,active
1976,mass,MG,cidade_mg_16,2020-03-06,True,active
1977,mass,BA,cidade_ba_17,2024-06-23,False,active
1978,mass,SP,cidade_sp_18,2023-04-08,False,active
1979,mass,MG,cidade_mg_19,2021-10-11,True,active
1980,mass,RS,cidade_rs_20,2020-01-05,False,active
1981,mass,RJ,cidade_rj_01,2024-12-06,True,active
1982,mass,SP,cidade_sp_02,2020-09-25,True,active
1983,mass,SP,cidade_sp_03,2020-04-14,False,active
1984,premium,RJ,cidade_rj_04,2023-05-07,False,active
1985,mass,BA,cidade_ba_05,2020-10-01,True,active
1986,mass,SP,cidade_sp_06,2020-07-19,True,active
1987,premium,RJ,cidade_rj_07,2020-12-08,False,active
1988,mass,GO,cidade_go_08,2022-10-19,False,active
1989,mass,MG,cidade_mg_09,2023-02-11,True,inactive
1990,mass,BA,cidade_ba_10,2021-06-21,True,active
1991,mass,SP,cidade_sp_11,2022-12-01,True,active
1992,mass,SP,cidade_sp_12,2020-10-14,False,active
1993,corporate,SP,cidade_sp_13,2024-04-15,False,active
1994,mass,SC,cidade_sc_14,2023-11-04,True,active
1995,mass,RJ,cidade_rj_15,2023-03-16,False,active
1996,premium,SP,cidade_sp_16,2024-02-26,False,active
1997,mass,SC,cidade_sc_17,2023-02-16,True,active
1998,premium,MG,cidade_mg_18,2020-01-12,True,active
1999,mass,RS,cidade_rs_19,2024-11-29,True,active
2000,mass,PR,cidade_pr_20,2023-01-15,False,active
2001,mass,RJ,cidade_rj_01,2023-01-23,True,active
2002,premium,SP,cidade_sp_02,2020-11-02,True,active
2003,mass,SP,cidade_sp_03,2023-03-30,False,active
2004,mass,MG,cidade_mg_04,2020-12-07,True,active
2005,mass,SP,cidade_sp_05,2021-01-16,True,active
2006,premium,SP,cidade_sp_06,2024-05-07,True,active
2007,mass,PE,cidade_pe_07,2021-11-15,True,active
2008,mass,PE,cidade_pe_08,2023-09-11,True,active
2009,mass,SC,cidade_sc_09,2021-12-15,True,active
2010,corporate,BA,cidade_ba_10,2021-06-05,True,active
2011,mass,SP,cidade_sp_11,2021-01-19,True,active
2012,mass,RS,cidade_rs_12,2021-03-06,False,active
2013,premium,PR,cidade_pr_13,2023-10-28,False,active
2014,mass,MG,cidade_mg_14,2021-08-11,True,active
2015,mass,MG,cidade_mg_15,2020-06-02,False,active
2016,mass,SP,cidade_sp_16,2020-09-12,False,active
2017,premium,SP,cidade_sp_17,2020-06-25,True,active
2018,mass,RJ,cidade_rj_18,2023-06-08,True,active
2019,mass,SP,cidade_sp_19,2021-07-27,False,active
2020,premium,SP,cidade_sp_20,2022-06-16,True,active
2021,mass,SP,cidade_sp_01,2022-03-13,False,active
2022,premium,SP,cidade_sp_02,2023-07-06,True,inactive
2023,corporate,PE,cidade_pe_03,2021-07-21,True,active
2024,mass,MG,cidade_mg_04,2024-12-08,True,active
2025,mass,BA,cidade_ba_05,2024-04-23,False,active
2026,corporate,SP,cidade_sp_06,2023-03-17,False,active
2027,premium,RS,cidade_rs_07,2020-04-15,True,inactive
2028,mass,SP,cidade_sp_08,2022-06-08,False,active
2029,mass,RS,cidade_rs_09,2024-01-12,True,active
2030,mass,GO,cidade_go_10,2024-01-10,True,active
2031,mass,SP,cidade_sp_11,2024-11-21,True,active
2032,mass,PR,cidade_pr_12,2023-03-16,False,active
2033,mass,RJ,cidade_rj_13,2021-01-05,True,active
2034,mass,RJ,cidade_rj_14,2020-03-31,False,active
2035,mass,PE,cidade_pe_15,2020-07-15,True,active
2036,mass,RJ,cidade_rj_16,2020-12-20,False,active
2037,mass,SP,cidade_sp_17,2021-02-23,True,active
2038,mass,BA,cidade_ba_18,2023-02-10,True,inactive
2039,mass,PE,cidade_pe_19,2021-07-07,True,active
2040,mass,RJ,cidade_rj_20,2024-06-06,False,active
2041,mass,ES,cidade_es_01,2021-01-28,True,active
2042,mass,MG,cidade_mg_02,2024-11-02,True,active
2043,mass,NA,cidade_rs_03,2023-11-28,True,active
2044,premium,SP,cidade_sp_04,2024-12-01,False,active
2045,mass,SP,cidade_sp_05,2021-09-20,True,active
2046,mass,SP,cidade_sp_06,2023-12-22,False,active
2047,mass,GO,cidade_go_07,2024-12-28,False,active
2048,mass,PR,cidade_pr_08,2021-07-06,True,active
2049,mass,SC,cidade_sc_09,2022-09-07,True,active
2050,mass,SC,cidade_sc_10,2021-12-24,True,active
2051,premium,ES,cidade_es_11,2021-01-25,False,active
2052,mass,RJ,cidade_rj_12,2024-07-28,True,active
2053,mass,RS,cidade_rs_13,2020-10-28,True,active
2054,mass,BA,cidade_ba_14,2022-06-13,True,active
2055,corporate,MG,cidade_mg_15,2022-11-11,False,inactive
2056,mass,MG,cidade_mg_16,2022-02-07,False,active
2057,mass,RS,cidade_rs_17,2021-07-20,True,active
2058,premium,RS,cidade_rs_18,2021-04-22,False,active
2059,mass,PR,cidade_pr_19,2022-01-27,False,active
2060,corporate,ES,cidade_es_20,2024-04-30,True,active
2061,mass,SP,cidade_sp_01,2021-02-20,False,active
2062,mass,SP,cidade_sp_02,2024-01-29,False,active
2063,mass,MG,cidade_mg_03,2020-01-09,False,active
2064,corporate,GO,cidade_go_04,2020-02-20,True,active
2065,corporate,RJ,cidade_rj_05,2023-10-27,True,active
2066,mass,PE,cidade_pe_06,2022-11-23,True,active
2067,premium,BA,cidade_ba_07,2023-07-16,True,active
2068,premium,GO,cidade_go_08,2022-07-29,False,active
2069,mass,SC,cidade_sc_09,2022-06-29,True,active
2070,mass,PE,cidade_pe_10,2023-05-10,True,active
2071,mass,RJ,cidade_rj_11,2024-05-10,True,inactive
2072,mass,SP,cidade_sp_12,2020-02-23,False,active
2073,mass,PR,cidade_pr_13,2021-04-08,True,active
2074,mass,RJ,cidade_rj_14,2022-04-25,True,active
2075,premium,PR,cidade_pr_15,2023-10-25,False,active
2076,mass,PR,cidade_pr_16,2022-03-25,True,active
2077,mass,SC,cidade_sc_17,2023-12-02,False,active
2078,corporate,SC,cidade_sc_18,2023-09-02,False,inactive
2079,mass,BA,cidade_ba_19,2021-12-03,True,active
2080,mass,RS,cidade_rs_20,2024-03-28,False,active
2081,premium,MG,cidade_mg_01,2022-02-16,True,active
2082,mass,SP,cidade_sp_02,2022-05-31,True,active
2083,mass,PR,cidade_pr_03,2024-10-01,False,active
2084,mass,RJ,cidade_rj_04,2022-02-01,True,active
2085,mass,PE,cidade_pe_05,2020-04-16,False,active
2086,mass,BA,cidade_ba_06,2022-04-28,True,active
2087,premium,MG,cidade_mg_07,2022-12-21,True,active
2088,premium,ES,cidade_es_08,2021-12-31,True,active
2089,corporate,RJ,cidade_rj_09,2021-08-15,True,active
2090,mass,RS,cidade_rs_10,2020-08-24,True,active
2091,premium,SP,cidade_sp_11,2021-11-18,False,active
2092,mass,RS,cidade_rs_12,2021-01-30,True,active
2093,premium,SP,cidade_sp_13,2022-02-21,True,inactive
2094,mass,RJ,cidade_rj_14,2024-07-31,False,active
2095,mass,SP,cidade_sp_15,2023-11-14,False,active
2096,premium,SP,cidade_sp_16,2020-12-05,True,active
2097,mass,SP,cidade_sp_17,2021-07-04,False,active
2098,mass,MG,cidade_mg_18,2024-02-04,True,active
2099,mass,RJ,cidade_rj_19,2021-12-25,True,active
2100,mass,BA,cidade_ba_20,2021-04-02,True,active
2101,mass,PE,cidade_pe_01,2022-07-21,False,active
2102,premium,SC,cidade_sc_02,2022-12-29,True,active
2103,mass,SC,cidade_sc_03,2024-04-29,False,active
2104,mass,MG,cidade_mg_04,2023-01-16,True,active
2105,mass,PR,cidade_pr_05,2024-12-23,True,active
2106,mass,SP,cidade_sp_06,2020-02-04,False,active
2107,mass,GO,cidade_go_07,2020-11-18,True,active
2108,premium,MG,cidade_mg_08,2023-01-21,True,inactive
2109,premium,SP,cidade_sp_09,2020-06-15,True,active
2110,mass,RJ,cidade_rj_10,2024-03-23,False,active
2111,mass,SP,cidade_sp_11,2021-12-26,False,active
2112,mass,SC,cidade_sc_12,2020-02-05,True,active
2113,mass,SP,cidade_sp_13,2024-08-17,True,active
2114,mass,PR,cidade_pr_14,2022-10-26,False,active
2115,premium,SP,cidade_sp_15,2020-08-15,False,active
2116,mass,GO,cidade_go_16,2020-02-02,False,active
2117,premium,GO,cidade_go_17,2023-12-22,True,active
2118,mass,RJ,cidade_rj_18,2022-02-22,False,active
2119,corporate,RJ,cidade_rj_19,2020-06-21,False,active
2120,mass,SP,cidade_sp_20,2022-07-26,True,inactive
2121,mass,SP,cidade_sp_01,2020-07-31,False,active
2122,mass,SP,cidade_sp_02,2021-08-06,False,active
2123,mass,SP,cidade_sp_03,2020-09-04,False,active
2124,premium,SP,cidade_sp_04,2022-08-03,True,active
2125,mass,SC,cidade_sc_05,2021-04-01,True,active
2126,mass,PE,cidade_pe_06,2020-09-10,False,active
2127,mass,MG,cidade_mg_07,2024-12-03,True,active
2128,premium,SP,cidade_sp_08,2022-04-19,True,active
2129,premium,PR,cidade_pr_09,2020-06-02,False,active
2130,corporate,RS,cidade_rs_10,2021-08-10,False,active
2131,premium,RS,cidade_rs_11,2022-04-17,True,inactive
2132,mass,SP,cidade_sp_12,2021-10-03,True,active
2133,mass,MG,cidade_mg_13,2024-01-02,False,active
2134,corporate,SP,cidade_sp_14,2022-12-19,True,active
2135,premium,MG,cidade_mg_15,2021-07-21,True,active
2136,mass,MG,cidade_mg_16,2023-09-28,True,active
2137,premium,SP,cidade_sp_17,2020-12-08,True,inactive
2138,premium,SP,cidade_sp_18,2021-07-01,True,inactive
2139,corporate,MG,cidade_mg_19,2022-05-15,True,active
2140,mass,SC,cidade_sc_20,2022-12-29,False,active
2141,mass,RJ,cidade_rj_01,2022-12-11,True,active
2142,mass,BA,cidade_ba_02,2023-07-19,False,active
2143,mass,BA,cidade_ba_03,2022-11-28,False,active
2144,premium,SP,cidade_sp_04,2023-11-16,True,active
2145,mass,SP,cidade_sp_05,2023-08-26,True,active
2146,premium,MG,cidade_mg_06,2023-08-13,True,inactive
2147,mass,SP,cidade_sp_07,2023-07-08,False,inactive
2148,premium,SP,cidade_sp_08,2020-12-05,False,active
2149,corporate,SC,cidade_sc_09,2023-09-03,False,active
2150,mass,SP,cidade_sp_10,2022-06-26,False,active
2151,mass,MG,cidade_mg_11,2024-03-03,True,active
2152,premium,SP,cidade_sp_12,2020-11-25,False,active
2153,mass,SP,cidade_sp_13,2023-10-27,False,active
2154,premium,RJ,cidade_rj_14,2021-04-01,True,active
2155,premium,MG,cidade_mg_15,2021-09-20,False,active
2156,premium,BA,cidade_ba_16,2020-09-23,True,inactive
2157,corporate,PE,cidade_pe_17,2023-12-07,True,active
2158,mass,MG,cidade_mg_18,2024-08-19,True,active
2159,premium,SP,cidade_sp_19,2020-03-07,True,active
2160,premium,PR,cidade_pr_20,2022-05-02,False,active
2161,mass,ES,cidade_es_01,2022-12-19,False,active
2162,premium,PR,cidade_pr_02,2024-03-08,True,active
2163,premium,SC,cidade_sc_03,2023-04-28,False,active
2164,mass,GO,cidade_go_04,2020-10-07,False,active
2165,mass,PR,cidade_pr_05,2020-02-14,True,active
2166,mass,SP,cidade_sp_06,2020-05-23,True,active
2167,mass,RJ,cidade_rj_07,2024-07-01,True,active
2168,premium,SP,cidade_sp_08,2023-07-28,True,active
2169,premium,MG,cidade_mg_09,2023-04-09,True,active
2170,corporate,SP,cidade_sp_10,2021-12-11,False,active
2171,mass,MG,cidade_mg_11,2020-05-07,True,active
2172,mass,SP,cidade_sp_12,2024-08-09,True,active
2173,premium,PE,cidade_pe_13,2021-04-06,True,active
2174,mass,ES,cidade_es_14,2024-09-16,False,active
2175,premium,PR,cidade_pr_15,2024-08-24,False,inactive
2176,mass,RJ,cidade_rj_16,2022-09-25,True,active
2177,mass,PR,cidade_pr_17,2022-06-06,False,active
2178,premium,SC,cidade_sc_18,2023-09-11,False,active
2179,premium,RJ,cidade_rj_19,2020-04-03,True,inactive
2180,premium,RS,cidade_rs_20,2020-01-26,True,active
2181,premium,PR,cidade_pr_01,2022-05-26,True,active
2182,premium,PE,cidade_pe_02,2021-05-30,False,active
2183,mass,SP,cidade_sp_03,2021-01-12,True,inactive
2184,mass,RJ,cidade_rj_04,2023-10-30,True,active
2185,mass,SP,cidade_sp_05,2023-07-14,False,active
2186,mass,GO,cidade_go_06,2020-07-09,True,active
2187,mass,RS,cidade_rs_07,2023-10-19,False,active
2188,mass,PR,cidade_pr_08,2023-05-17,True,active
2189,premium,PR,cidade_pr_09,2023-03-16,True,active
2190,mass,RJ,cidade_rj_10,2023-05-13,True,active
2191,mass,SP,cidade_sp_11,2020-04-06,True,active
2192,mass,SP,cidade_sp_12,2023-03-13,False,active
2193,premium,SP,cidade_sp_13,2022-06-05,True,active
2194,mass,GO,cidade_go_14,2023-01-20,True,active
2195,mass,BA,cidade_ba_15,2021-06-21,True,active
2196,mass,SP,cidade_sp_16,2020-08-04,False,active
2197,mass,ES,cidade_es_17,2021-01-30,True,active
2198,mass,RJ,cidade_rj_18,2023-04-30,False,active
2199,premium,SP,cidade_sp_19,2020-05-27,False,active
2200,premium,RJ,cidade_rj_20,2021-03-06,False,active
2201,mass,RJ,cidade_rj_01,2020-12-20,True,active
2202,premium,SC,cidade_sc_02,2020-10-10,False,inactive
2203,mass,SP,cidade_sp_03,2022-12-22,True,active
2204,premium,SC,cidade_sc_04,2022-07-23,True,active
2205,corporate,RS,cidade_rs_05,2023-09-08,True,active
2206,premium,GO,cidade_go_06,2021-02-28,True,active
2207,mass,SP,cidade_sp_07,2022-01-24,True,active
2208,corporate,RS,cidade_rs_08,2022-09-27,True,active
2209,mass,MG,cidade_mg_09,2023-04-12,True,active
2210,premium,MG,cidade_mg_10,2020-04-15,True,active
2211,corporate,SP,cidade_sp_11,2021-03-28,True,active
2212,mass,SP,cidade_sp_12,2024-10-14,True,inactive
2213,mass,BA,cidade_ba_13,2023-08-24,True,active
2214,mass,SP,cidade_sp_14,2021-12-21,True,active
2215,mass,ES,cidade_es_15,2023-08-21,True,active
2216,mass,RS,cidade_rs_16,2023-03-19,False,active
2217,mass,SC,cidade_sc_17,2022-03-03,False,active
2218,mass,RS,cidade_rs_18,2020-05-12,True,active
2219,mass,MG,cidade_mg_19,2023-08-14,True,active
2220,mass,SC,cidade_sc_20,2021-01-26,True,active
2221,mass,PR,cidade_pr_01,2022-07-11,True,active
2222,premium,PR,cidade_pr_02,2020-01-07,True,active
2223,mass,SP,cidade_sp_03,2023-09-22,True,active
2224,mass,SP,cidade_sp_04,2020-07-15,False,active
2225,mass,SP,cidade_sp_05,2024-12-06,False,active
2226,mass,RJ,cidade_rj_06,2024-03-20,False,active
2227,mass,BA,cidade_ba_07,2021-08-25,True,active
2228,mass,RJ,cidade_rj_08,2023-05-10,True,active
2229,premium,SP,cidade_sp_09,2020-09-17,True,active
2230,premium,RJ,cidade_rj_10,2020-12-01,True,active
2231,mass,MG,cidade_mg_11,2022-08-25,True,inactive
2232,mass,RJ,cidade_rj_12,2022-08-25,False,active
2233,mass,SP,cidade_sp_13,2023-04-02,True,inactive
2234,mass,GO,cidade_go_14,2024-06-21,True,active
2235,mass,MG,cidade_mg_15,2024-07-21,True,active
2236,mass,SC,cidade_sc_16,2022-03-04,True,active
2237,mass,MG,cidade_mg_17,2024-09-22,False,active
2238,premium,SP,cidade_sp_18,2023-03-30,False,active
2239,premium,PR,cidade_pr_19,2023-04-23,False,active
2240,mass,SC,cidade_sc_20,2021-08-06,False,active
2241,mass,SP,cidade_sp_01,2024-08-15,False,active
2242,mass,BA,cidade_ba_02,2020-01-20,False,active
2243,mass,PR,cidade_pr_03,2023-03-10,False,active
2244,premium,BA,cidade_ba_04,2023-11-08,False,active
2245,premium,RS,cidade_rs_05,2023-12-01,True,active
2246,mass,RJ,cidade_rj_06,2024-10-25,True,active
2247,corporate,SP,cidade_sp_07,2024-05-18,False,active
2248,mass,PR,cidade_pr_08,2020-05-15,False,active
2249,mass,SP,cidade_sp_09,2023-01-20,True,active
2250,corporate,PR,cidade_pr_10,2022-12-14,False,active
2251,mass,MG,cidade_mg_11,2022-11-02,True,active
2252,mass,MG,cidade_mg_12,2020-06-29,True,active
2253,mass,MG,cidade_mg_13,2023-03-08,True,active
2254,premium,SP,cidade_sp_14,2020-08-08,True,active
2255,mass,SP,cidade_sp_15,2023-03-21,False,active
2256,premium,BA,cidade_ba_16,2021-02-21,False,active
2257,mass,SC,cidade_sc_17,2023-04-24,False,active
2258,mass,GO,cidade_go_18,2021-05-21,True,inactive
2259,mass,SP,cidade_sp_19,2022-08-31,True,active
2260,mass,MG,cidade_mg_20,2022-06-30,True,active
2261,mass,SP,cidade_sp_01,2021-09-23,True,active
2262,corporate,SP,cidade_sp_02,2020-07-23,True,active
2263,mass,RJ,cidade_rj_03,2022-10-18,False,active
2264,mass,SP,cidade_sp_04,2024-10-14,False,active
2265,premium,SP,cidade_sp_05,2021-10-08,False,active
2266,corporate,GO,cidade_go_06,2022-02-17,False,inactive
2267,mass,RS,cidade_rs_07,2025-01-01,True,active
2268,premium,RS,cidade_rs_08,2022-12-09,True,active
2269,premium,SP,cidade_sp_09,2021-01-13,False,active
2270,mass,RS,cidade_rs_10,2022-01-30,True,active
2271,mass,GO,cidade_go_11,2024-05-27,True,active
2272,mass,RS,cidade_rs_12,2022-10-15,False,active
2273,mass,SP,cidade_sp_13,2020-08-30,True,active
2274,premium,PR,cidade_pr_14,2021-04-05,True,active
2275,mass,RS,cidade_rs_15,2021-11-09,False,active
2276,corporate,ES,cidade_es_16,2022-04-15,True,active
2277,premium,PE,cidade_pe_17,2022-05-22,True,active
2278,mass,SP,cidade_sp_18,2021-06-01,True,active
2279,mass,SC,cidade_sc_19,2022-08-06,False,active
2280,mass,SP,cidade_sp_20,2021-12-18,True,active
2281,mass,PE,cidade_pe_01,2022-04-27,False,active
2282,premium,PR,cidade_pr_02,2024-05-22,True,active
2283,mass,SP,cidade_sp_03,2022-03-05,False,active
2284,mass,RS,cidade_rs_04,2023-05-01,True,active
2285,corporate,RJ,cidade_rj_05,2023-01-19,True,active
2286,mass,MG,cidade_mg_06,2024-07-06,False,active
2287,premium,RJ,cidade_rj_07,2022-09-30,True,active
2288,mass,RJ,cidade_rj_08,2021-10-04,False,active
2289,mass,BA,cidade_ba_09,2020-08-04,True,inactive
2290,mass,MG,cidade_mg_10,2020-01-30,True,active
2291,mass,MG,cidade_mg_11,2021-06-17,False,active
2292,corporate,SP,cidade_sp_12,2023-10-18,False,inactive
2293,mass,PR,cidade_pr_13,2024-10-30,False,active
2294,premium,SP,cidade_sp_14,2020-06-03,True,active
2295,mass,SC,cidade_sc_15,2022-03-21,True,active
2296,mass,SC,cidade_sc_16,2020-02-15,False,active
2297,mass,MG,cidade_mg_17,2020-09-05,False,active
2298,premium,MG,cidade_mg_18,2024-10-26,True,active
2299,premium,GO,cidade_go_19,2022-01-03,False,active
2300,mass,RS,cidade_rs_20,2022-05-25,True,active
2301,mass,PR,cidade_pr_01,2023-02-09,True,active
2302,mass,PR,cidade_pr_02,2022-10-03,True,active
2303,mass,MG,cidade_mg_03,2024-01-27,False,active
2304,premium,SC,cidade_sc_04,2020-07-11,True,active
2305,mass,SC,cidade_sc_05,2022-05-06,True,active
2306,mass,BA,cidade_ba_06,2024-07-16,True,active
2307,mass,PR,cidade_pr_07,2020-02-05,True,active
2308,mass,BA,cidade_ba_08,2021-05-09,False,active
2309,corporate,RJ,cidade_rj_09,2024-10-23,False,active
2310,premium,SP,cidade_sp_10,2023-04-14,False,active
2311,mass,RJ,cidade_rj_11,2023-06-24,True,active
2312,mass,PR,cidade_pr_12,2024-06-26,True,active
2313,mass,NA,cidade_sp_13,2024-03-25,True,active
2314,mass,BA,cidade_ba_14,2022-05-05,True,active
2315,mass,SC,cidade_sc_15,2021-08-06,True,active
2316,mass,PE,cidade_pe_16,2022-02-27,False,active
2317,corporate,GO,cidade_go_17,2022-12-22,True,active
2318,mass,SP,cidade_sp_18,2022-06-01,True,active
2319,mass,GO,cidade_go_19,2020-05-14,False,inactive
2320,mass,BA,cidade_ba_20,2022-03-04,True,active
2321,mass,NA,cidade_sc_01,2020-04-29,True,active
2322,mass,SP,cidade_sp_02,2021-01-07,False,active
2323,mass,MG,cidade_mg_03,2021-01-03,True,active
2324,mass,RJ,cidade_rj_04,2020-04-05,True,inactive
2325,mass,RJ,cidade_rj_05,2022-07-28,True,active
2326,mass,MG,cidade_mg_06,2023-02-27,False,active
2327,mass,PE,cidade_pe_07,2022-11-03,True,active
2328,mass,GO,cidade_go_08,2022-08-17,True,inactive
2329,mass,BA,cidade_ba_09,2024-03-28,True,active
2330,mass,MG,cidade_mg_10,2023-01-31,True,active
2331,mass,RS,cidade_rs_11,2023-10-01,False,active
2332,mass,MG,cidade_mg_12,2024-06-10,True,active
2333,mass,RS,cidade_rs_13,2020-12-07,True,active
2334,premium,MG,cidade_mg_14,2020-12-08,True,active
2335,premium,SP,cidade_sp_15,2022-03-26,True,active
2336,mass,SP,cidade_sp_16,2023-01-04,True,active
2337,mass,MG,cidade_mg_17,2020-07-08,True,inactive
2338,mass,SP,cidade_sp_18,2020-09-24,False,active
2339,premium,RJ,cidade_rj_19,2024-05-15,True,inactive
2340,mass,SC,cidade_sc_20,2021-08-28,True,active
2341,mass,RS,cidade_rs_01,2020-01-31,True,active
2342,mass,SC,cidade_sc_02,2020-06-16,True,active
2343,mass,PR,cidade_pr_03,2021-12-31,True,active
2344,mass,SC,cidade_sc_04,2024-06-19,True,active
2345,premium,GO,cidade_go_05,2020-03-30,False,active
2346,premium,PE,cidade_pe_06,2022-05-13,True,active
2347,mass,SP,cidade_sp_07,2023-10-20,False,inactive
2348,mass,RS,cidade_rs_08,2022-08-29,True,active
2349,corporate,RJ,cidade_rj_09,2020-07-02,False,active
2350,premium,SP,cidade_sp_10,2020-09-10,False,inactive
2351,mass,RJ,cidade_rj_11,2020-07-16,False,active
2352,mass,PR,cidade_pr_12,2020-08-16,True,active
2353,mass,RJ,cidade_rj_13,2020-07-23,False,active
2354,mass,SP,cidade_sp_14,2023-05-16,False,active
2355,mass,SP,cidade_sp_15,2023-07-30,True,active
2356,corporate,RJ,cidade_rj_16,2022-08-15,True,active
2357,premium,PR,cidade_pr_17,2021-06-12,True,inactive
2358,mass,BA,cidade_ba_18,2021-07-08,False,active
2359,mass,SP,cidade_sp_19,2023-05-10,False,active
2360,mass,MG,cidade_mg_20,2023-06-09,True,active
2361,mass,SP,cidade_sp_01,2020-11-30,True,active
2362,premium,SP,cidade_sp_02,2020-04-12,False,active
2363,premium,GO,cidade_go_03,2020-03-03,False,active
2364,corporate,PR,cidade_pr_04,2020-09-20,False,inactive
2365,premium,SC,cidade_sc_05,2022-01-04,True,active
2366,mass,SP,cidade_sp_06,2020-11-26,False,active
2367,mass,NA,cidade_mg_07,2020-12-09,True,active
2368,corporate,PR,cidade_pr_08,2021-07-19,False,active
2369,mass,RJ,cidade_rj_09,2024-09-17,True,active
2370,mass,SP,cidade_sp_10,2021-12-14,True,active
2371,mass,SP,cidade_sp_11,2024-08-23,False,active
2372,mass,PE,cidade_pe_12,2021-02-20,True,active
2373,mass,MG,cidade_mg_13,2024-07-09,True,inactive
2374,mass,SP,cidade_sp_14,2021-01-01,True,active
2375,mass,SP,cidade_sp_15,2024-12-11,True,active
2376,mass,SP,cidade_sp_16,2023-01-10,False,active
2377,premium,RS,cidade_rs_17,2024-01-23,True,inactive
2378,premium,PR,cidade_pr_18,2024-02-18,False,active
2379,mass,SP,cidade_sp_19,2020-11-28,True,active
2380,mass,SP,cidade_sp_20,2021-04-01,True,active
2381,corporate,RJ,cidade_rj_01,2022-05-17,False,inactive
2382,premium,MG,cidade_mg_02,2021-01-21,True,active
2383,mass,MG,cidade_mg_03,2022-07-29,False,active
2384,mass,MG,cidade_mg_04,2024-02-28,True,active
2385,mass,PE,cidade_pe_05,2022-11-22,True,active
2386,mass,GO,cidade_go_06,2023-06-28,True,active
2387,mass,SP,cidade_sp_07,2022-11-15,False,active
2388,premium,SC,cidade_sc_08,2023-04-17,False,active
2389,corporate,SC,cidade_sc_09,2023-04-29,True,active
2390,premium,SP,cidade_sp_10,2023-05-25,False,active
2391,mass,SP,cidade_sp_11,2023-02-22,True,active
2392,mass,RJ,cidade_rj_12,2022-07-14,True,active
2393,mass,SP,cidade_sp_13,2023-10-25,False,active
2394,premium,RJ,cidade_rj_14,2024-01-20,False,active
2395,mass,PE,cidade_pe_15,2022-08-23,False,active
2396,mass,MG,cidade_mg_16,2022-08-30,True,active
2397,mass,RJ,cidade_rj_17,2020-09-03,False,active
2398,mass,MG,cidade_mg_18,2020-02-08,True,active
2399,corporate,SP,cidade_sp_19,2023-03-25,False,active
2400,mass,SC,cidade_sc_20,2021-04-01,True,active
2401,mass,NA,cidade_go_01,2021-02-22,False,active
2402,corporate,PE,cidade_pe_02,2021-07-31,False,active
2403,premium,MG,cidade_mg_03,2023-05-11,True,active
2404,mass,BA,cidade_ba_04,2023-12-25,True,active
2405,premium,SP,cidade_sp_05,2024-07-08,False,active
2406,premium,RJ,cidade_rj_06,2023-05-29,True,active
2407,mass,MG,cidade_mg_07,2024-12-14,True,active
2408,mass,MG,cidade_mg_08,2021-12-11,True,active
2409,premium,SP,cidade_sp_09,2021-11-22,True,active
2410,mass,MG,cidade_mg_10,2023-04-09,True,active
2411,mass,MG,cidade_mg_11,2023-01-23,True,active
2412,mass,PR,cidade_pr_12,2023-10-17,True,active
2413,mass,PE,cidade_pe_13,2024-04-30,True,active
2414,mass,SP,cidade_sp_14,2020-04-28,True,active
2415,mass,RJ,cidade_rj_15,2023-12-02,True,active
2416,mass,SC,cidade_sc_16,2023-09-07,False,active
2417,mass,RS,cidade_rs_17,2022-06-13,True,active
2418,mass,RJ,cidade_rj_18,2021-08-18,True,active
2419,mass,PR,cidade_pr_19,2022-11-13,True,active
2420,premium,RS,cidade_rs_20,2022-09-07,True,active
2421,mass,SC,cidade_sc_01,2022-04-21,True,active
2422,premium,RJ,cidade_rj_02,2021-06-19,True,active
2423,mass,SP,cidade_sp_03,2024-07-29,True,active
2424,premium,SP,cidade_sp_04,2021-09-28,True,active
2425,mass,PR,cidade_pr_05,2020-06-05,True,active
2426,mass,SP,cidade_sp_06,2024-08-28,True,active
2427,mass,SP,cidade_sp_07,2023-09-10,True,active
2428,premium,RS,cidade_rs_08,2020-07-18,True,active
2429,mass,RS,cidade_rs_09,2022-07-16,False,inactive
2430,mass,BA,cidade_ba_10,2023-10-27,True,active
2431,mass,SC,cidade_sc_11,2020-07-17,True,active
2432,premium,RJ,cidade_rj_12,2023-11-29,False,active
2433,corporate,RJ,cidade_rj_13,2020-06-30,False,active
2434,mass,SP,cidade_sp_14,2024-09-09,True,active
2435,mass,MG,cidade_mg_15,2024-01-05,True,active
2436,mass,MG,cidade_mg_16,2022-12-08,False,inactive
2437,mass,SP,cidade_sp_17,2022-10-07,False,inactive
2438,mass,SC,cidade_sc_18,2020-06-07,False,active
2439,corporate,SP,cidade_sp_19,2020-01-18,True,active
2440,mass,RS,cidade_rs_20,2022-04-19,True,inactive
2441,mass,SP,cidade_sp_01,2023-03-14,True,active
2442,mass,BA,cidade_ba_02,2020-05-17,True,active
2443,premium,BA,cidade_ba_03,2023-05-12,True,active
2444,mass,MG,cidade_mg_04,2023-03-23,True,active
2445,mass,SC,cidade_sc_05,2021-08-12,True,active
2446,premium,BA,cidade_ba_06,2024-02-10,False,inactive
2447,mass,RJ,cidade_rj_07,2023-07-31,True,active
2448,mass,RS,cidade_rs_08,2023-08-23,True,active
2449,mass,PE,cidade_pe_09,2023-08-17,False,inactive
2450,premium,SP,cidade_sp_10,2021-03-03,True,active
2451,mass,RJ,cidade_rj_11,2020-04-02,True,active
2452,premium,GO,cidade_go_12,2020-10-11,False,active
2453,mass,PR,cidade_pr_13,2024-09-07,True,active
2454,mass,RS,cidade_rs_14,2024-12-13,True,active
2455,premium,SC,cidade_sc_15,2020-11-05,False,active
2456,mass,SC,cidade_sc_16,2022-05-23,False,active
2457,mass,RJ,cidade_rj_17,2021-06-19,False,active
2458,mass,RJ,cidade_rj_18,2022-08-24,True,active
2459,premium,SP,cidade_sp_19,2020-01-16,True,active
2460,mass,SP,cidade_sp_20,2022-07-20,True,inactive
2461,mass,PE,cidade_pe_01,2023-10-05,False,active
2462,mass,BA,cidade_ba_02,2021-07-09,True,active
2463,corporate,PR,cidade_pr_03,2022-02-21,True,active
2464,mass,SP,cidade_sp_04,2024-07-05,True,active
2465,mass,SP,cidade_sp_05,2020-01-17,False,active
2466,mass,SP,cidade_sp_06,2024-09-25,True,active
2467,mass,MG,cidade_mg_07,2024-05-28,True,active
2468,mass,RS,cidade_rs_08,2024-05-14,True,active
2469,premium,RJ,cidade_rj_09,2022-03-06,True,active
2470,premium,SP,cidade_sp_10,2020-12-03,True,active
2471,mass,RS,cidade_rs_11,2021-01-12,True,active
2472,mass,RJ,cidade_rj_12,2024-01-23,True,active
2473,mass,SC,cidade_sc_13,2020-04-29,True,inactive
2474,mass,PR,cidade_pr_14,2020-10-18,True,active
2475,mass,BA,cidade_ba_15,2021-01-02,True,active
2476,premium,SC,cidade_sc_16,2023-10-14,False,inactive
2477,premium,SC,cidade_sc_17,2024-09-12,True,active
2478,mass,RJ,cidade_rj_18,2021-12-26,False,active
2479,mass,RJ,cidade_rj_19,2021-08-08,False,active
2480,mass,SP,cidade_sp_20,2022-01-08,True,active
2481,mass,MG,cidade_mg_01,2020-09-28,True,active
2482,corporate,SC,cidade_sc_02,2021-10-12,False,active
2483,mass,SC,cidade_sc_03,2022-01-08,True,active
2484,premium,PE,cidade_pe_04,2024-03-18,True,active
2485,corporate,SP,cidade_sp_05,2022-10-14,True,active
2486,premium,MG,cidade_mg_06,2022-08-30,False,active
2487,mass,BA,cidade_ba_07,2023-10-09,False,active
2488,mass,PE,cidade_pe_08,2021-12-18,False,active
2489,mass,SP,cidade_sp_09,2021-03-30,True,active
2490,mass,SC,cidade_sc_10,2021-08-11,False,active
2491,mass,RJ,cidade_rj_11,2023-10-03,True,active
2492,premium,PR,cidade_pr_12,2020-01-26,True,active
2493,premium,MG,cidade_mg_13,2022-10-11,False,active
2494,mass,SP,cidade_sp_14,2024-08-02,True,active
2495,mass,SP,cidade_sp_15,2024-10-06,True,active
2496,mass,RS,cidade_rs_16,2022-04-25,False,active
2497,premium,SP,cidade_sp_17,2020-12-27,True,active
2498,mass,PE,cidade_pe_18,2023-10-21,True,active
2499,mass,PE,cidade_pe_19,2020-04-17,True,active
2500,mass,MG,cidade_mg_20,2020-06-11,False,active
2501,corporate,SP,cidade_sp_01,2023-02-04,False,inactive
2502,mass,RJ,cidade_rj_02,2022-07-05,False,active
2503,corporate,SC,cidade_sc_03,2021-02-25,True,active
2504,mass,RJ,cidade_rj_04,2022-05-21,False,active
2505,mass,SP,cidade_sp_05,2020-04-27,False,active
2506,mass,PR,cidade_pr_06,2022-07-11,True,active
2507,mass,MG,cidade_mg_07,2022-11-08,True,active
2508,premium,SP,cidade_sp_08,2022-07-21,True,active
2509,corporate,RJ,cidade_rj_09,2022-01-23,True,active
2510,mass,RS,cidade_rs_10,2020-08-30,False,active
2511,mass,RJ,cidade_rj_11,2020-06-03,True,active
2512,mass,SC,cidade_sc_12,2021-08-03,False,active
2513,mass,BA,cidade_ba_13,2021-10-07,True,active
2514,mass,PR,cidade_pr_14,2024-03-15,True,active
2515,mass,MG,cidade_mg_15,2022-06-26,True,active
2516,mass,RS,cidade_rs_16,2024-01-19,True,active
2517,mass,NA,cidade_pe_17,2024-04-25,True,active
2518,mass,PR,cidade_pr_18,2024-11-02,True,active
2519,mass,SC,cidade_sc_19,2020-11-05,True,active
2520,premium,PR,cidade_pr_20,2022-01-28,False,active
2521,mass,SP,cidade_sp_01,2020-09-25,True,inactive
2522,mass,SP,cidade_sp_02,2024-07-11,True,active
2523,mass,RJ,cidade_rj_03,2021-07-23,False,active
2524,mass,SP,cidade_sp_04,2021-06-27,True,active
2525,corporate,SP,cidade_sp_05,2024-12-24,True,active
2526,mass,BA,cidade_ba_06,2024-08-05,False,active
2527,mass,SP,cidade_sp_07,2021-03-09,True,active
2528,premium,SP,cidade_sp_08,2020-09-20,True,active
2529,mass,SP,cidade_sp_09,2024-02-02,False,active
2530,mass,SP,cidade_sp_10,2020-12-23,True,active
2531,corporate,RJ,cidade_rj_11,2021-01-05,True,active
2532,mass,SP,cidade_sp_12,2022-03-12,False,active
2533,mass,RS,cidade_rs_13,2022-03-10,False,active
2534,mass,SP,cidade_sp_14,2022-01-23,True,active
2535,mass,SP,cidade_sp_15,2021-03-19,False,active
2536,premium,PR,cidade_pr_16,2023-09-15,True,active
2537,mass,BA,cidade_ba_17,2020-03-17,True,inactive
2538,mass,SP,cidade_sp_18,2024-05-25,True,active
2539,premium,MG,cidade_mg_19,2023-06-22,False,active
2540,mass,RS,cidade_rs_20,2022-06-17,False,active
2541,premium,SP,cidade_sp_01,2024-08-10,True,active
2542,mass,RJ,cidade_rj_02,2020-12-21,True,active
2543,premium,RJ,cidade_rj_03,2020-01-04,True,active
2544,mass,NA,cidade_sp_04,2023-08-07,True,active
2545,premium,RJ,cidade_rj_05,2021-08-16,True,active
2546,mass,SC,cidade_sc_06,2022-05-15,False,active
2547,mass,MG,cidade_mg_07,2024-11-13,True,active
2548,mass,SP,cidade_sp_08,2022-07-20,True,active
2549,mass,GO,cidade_go_09,2021-11-30,True,inactive
2550,mass,ES,cidade_es_10,2021-07-06,True,active
2551,mass,SP,cidade_sp_11,2024-02-17,True,active
2552,corporate,GO,cidade_go_12,2024-08-18,False,active
2553,mass,RS,cidade_rs_13,2023-02-18,False,active
2554,mass,SP,cidade_sp_14,2024-09-05,False,active
2555,premium,PR,cidade_pr_15,2024-12-01,False,active
2556,mass,MG,cidade_mg_16,2021-06-25,False,active
2557,mass,SP,cidade_sp_17,2021-10-21,False,active
2558,mass,SP,cidade_sp_18,2023-09-14,False,active
2559,mass,BA,cidade_ba_19,2024-03-13,False,active
2560,mass,SP,cidade_sp_20,2021-04-25,False,active
2561,mass,GO,cidade_go_01,2021-08-27,True,active
2562,mass,SC,cidade_sc_02,2023-03-03,True,active
2563,mass,SP,cidade_sp_03,2023-05-24,False,active
2564,premium,BA,cidade_ba_04,2024-03-22,False,active
2565,premium,SP,cidade_sp_05,2023-11-02,False,active
2566,mass,MG,cidade_mg_06,2023-07-03,True,active
2567,mass,RJ,cidade_rj_07,2020-09-03,False,active
2568,mass,RS,cidade_rs_08,2023-03-17,True,active
2569,corporate,SP,cidade_sp_09,2021-10-07,True,inactive
2570,mass,SP,cidade_sp_10,2020-08-07,True,inactive
2571,mass,SC,cidade_sc_11,2021-03-03,True,active
2572,mass,SP,cidade_sp_12,2022-05-06,True,inactive
2573,mass,SP,cidade_sp_13,2023-04-05,False,active
2574,mass,RJ,cidade_rj_14,2024-08-01,True,active
2575,mass,SP,cidade_sp_15,2023-01-04,False,active
2576,mass,NA,cidade_rs_16,2022-10-31,False,active
2577,mass,SP,cidade_sp_17,2023-02-24,True,active
2578,mass,SP,cidade_sp_18,2021-06-04,True,inactive
2579,corporate,MG,cidade_mg_19,2024-06-25,True,active
2580,premium,SP,cidade_sp_20,2021-02-02,False,active
2581,mass,MG,cidade_mg_01,2022-02-16,False,active
2582,mass,RJ,cidade_rj_02,2021-06-13,True,active
2583,mass,GO,cidade_go_03,2024-06-07,False,active
2584,mass,RJ,cidade_rj_04,2021-01-18,True,active
2585,mass,PR,cidade_pr_05,2022-03-30,True,active
2586,mass,SP,cidade_sp_06,2021-07-22,True,active
2587,mass,PE,cidade_pe_07,2023-05-26,True,active
2588,premium,SP,cidade_sp_08,2022-12-30,False,active
2589,mass,SP,cidade_sp_09,2024-03-27,True,active
2590,mass,PR,cidade_pr_10,2020-01-13,True,active
2591,mass,RJ,cidade_rj_11,2022-01-17,True,active
2592,mass,BA,cidade_ba_12,2022-01-12,True,active
2593,premium,SP,cidade_sp_13,2024-04-21,True,active
2594,premium,SP,cidade_sp_14,2024-06-29,True,active
2595,premium,RJ,cidade_rj_15,2020-08-16,False,active
2596,mass,RJ,cidade_rj_16,2022-03-03,False,active
2597,mass,MG,cidade_mg_17,2021-01-04,True,active
2598,mass,SP,cidade_sp_18,2020-04-18,False,active
2599,corporate,BA,cidade_ba_19,2020-10-08,False,active
2600,mass,MG,cidade_mg_20,2023-09-05,True,active
2601,mass,MG,cidade_mg_01,2023-05-25,True,active
2602,mass,RJ,cidade_rj_02,2024-02-29,True,active
2603,mass,SP,cidade_sp_03,2023-09-14,False,active
2604,mass,SC,cidade_sc_04,2024-11-30,True,active
2605,mass,MG,cidade_mg_05,2020-09-20,True,inactive
2606,premium,RJ,cidade_rj_06,2023-04-12,True,active
2607,corporate,SP,cidade_sp_07,2023-06-10,True,active
2608,mass,MG,cidade_mg_08,2024-04-11,False,active
2609,mass,SP,cidade_sp_09,2024-11-30,False,inactive
2610,mass,PR,cidade_pr_10,2021-03-07,True,active
2611,mass,SC,cidade_sc_11,2023-12-09,False,active
2612,mass,SP,cidade_sp_12,2024-06-13,False,active
2613,premium,RJ,cidade_rj_13,2024-09-25,False,active
2614,mass,BA,cidade_ba_14,2023-04-26,True,active
2615,mass,RJ,cidade_rj_15,2020-04-14,True,active
2616,corporate,SP,cidade_sp_16,2020-08-09,True,active
2617,premium,SC,cidade_sc_17,2023-05-26,True,active
2618,premium,SP,cidade_sp_18,2021-09-02,True,active
2619,premium,RJ,cidade_rj_19,2024-12-26,False,active
2620,corporate,MG,cidade_mg_20,2022-06-01,True,active
2621,corporate,MG,cidade_mg_01,2024-04-10,False,active
2622,mass,MG,cidade_mg_02,2024-03-14,True,active
2623,mass,RS,cidade_rs_03,2021-03-09,True,active
2624,premium,SP,cidade_sp_04,2024-04-21,False,active
2625,corporate,PR,cidade_pr_05,2024-10-22,False,active
2626,corporate,SP,cidade_sp_06,2024-12-17,True,active
2627,mass,MG,cidade_mg_07,2022-12-24,False,active
2628,premium,PE,cidade_pe_08,2022-10-08,False,active
2629,mass,SP,cidade_sp_09,2020-12-19,True,active
2630,mass,RJ,cidade_rj_10,2020-01-10,True,active
2631,mass,RS,cidade_rs_11,2020-08-08,False,active
2632,mass,PE,cidade_pe_12,2021-07-06,True,active
2633,premium,SP,cidade_sp_13,2023-10-27,True,active
2634,mass,SP,cidade_sp_14,2020-11-26,False,active
2635,mass,SC,cidade_sc_15,2022-08-19,True,active
2636,mass,BA,cidade_ba_16,2024-09-01,True,inactive
2637,mass,SP,cidade_sp_17,2020-12-08,True,active
2638,mass,SP,cidade_sp_18,2021-01-02,True,active
2639,mass,PE,cidade_pe_19,2020-03-20,False,active
2640,mass,SP,cidade_sp_20,2023-11-26,True,active
2641,mass,BA,cidade_ba_01,2021-05-04,False,active
2642,mass,PR,cidade_pr_02,2023-07-23,False,active
2643,mass,MG,cidade_mg_03,2023-02-22,True,active
2644,mass,SC,cidade_sc_04,2024-04-12,True,active
2645,corporate,PR,cidade_pr_05,2023-06-15,False,active
2646,mass,RJ,cidade_rj_06,2021-02-17,True,active
2647,mass,RS,cidade_rs_07,2020-10-23,False,active
2648,mass,BA,cidade_ba_08,2024-05-29,False,active
2649,mass,SC,cidade_sc_09,2023-04-08,True,active
2650,mass,MG,cidade_mg_10,2024-05-25,True,active
2651,mass,MG,cidade_mg_11,2022-02-11,True,inactive
2652,mass,GO,cidade_go_12,2024-11-07,True,inactive
2653,premium,SC,cidade_sc_13,2020-06-09,False,active
2654,mass,SP,cidade_sp_14,2024-01-25,False,active
2655,premium,PR,cidade_pr_15,2023-07-27,False,active
2656,mass,MG,cidade_mg_16,2022-07-07,True,active
2657,premium,RJ,cidade_rj_17,2024-10-21,True,active
2658,mass,PR,cidade_pr_18,2024-04-08,False,active
2659,mass,SP,cidade_sp_19,2021-04-16,True,active
2660,premium,SP,cidade_sp_20,2020-10-23,True,active
2661,premium,RJ,cidade_rj_01,2023-09-26,False,active
2662,mass,RS,cidade_rs_02,2021-05-24,False,active
2663,mass,PR,cidade_pr_03,2021-02-28,True,active
2664,mass,ES,cidade_es_04,2021-10-31,False,active
2665,mass,PR,cidade_pr_05,2024-03-14,True,active
2666,mass,PE,cidade_pe_06,2022-08-13,True,inactive
2667,mass,RJ,cidade_rj_07,2023-02-16,True,inactive
2668,mass,RS,cidade_rs_08,2020-06-11,False,active
2669,mass,BA,cidade_ba_09,2023-02-06,False,inactive
2670,premium,PR,cidade_pr_10,2020-02-25,True,inactive
2671,mass,SC,cidade_sc_11,2024-06-14,True,active
2672,premium,RS,cidade_rs_12,2021-09-24,False,active
2673,premium,MG,cidade_mg_13,2024-09-12,False,active
2674,premium,PR,cidade_pr_14,2021-12-14,False,active
2675,mass,SP,cidade_sp_15,2024-06-01,True,active
2676,premium,RS,cidade_rs_16,2021-07-18,True,active
2677,mass,SP,cidade_sp_17,2023-12-10,False,active
2678,mass,MG,cidade_mg_18,2022-02-17,False,active
2679,premium,SP,cidade_sp_19,2024-07-10,True,active
2680,premium,RJ,cidade_rj_20,2020-07-25,True,active
2681,mass,SC,cidade_sc_01,2020-06-14,True,inactive
2682,mass,MG,cidade_mg_02,2022-09-10,False,active
2683,premium,RJ,cidade_rj_03,2022-05-25,False,active
2684,mass,SP,cidade_sp_04,2021-04-25,True,active
2685,premium,ES,cidade_es_05,2021-02-20,True,active
2686,premium,SP,cidade_sp_06,2020-08-11,True,active
2687,mass,SP,cidade_sp_07,2024-05-23,False,active
2688,mass,MG,cidade_mg_08,2023-10-14,True,active
2689,mass,SP,cidade_sp_09,2021-11-08,True,active
2690,premium,RS,cidade_rs_10,2024-04-18,True,active
2691,mass,MG,cidade_mg_11,2024-05-18,True,active
2692,mass,SP,cidade_sp_12,2024-11-24,True,active
2693,mass,RJ,cidade_rj_13,2020-05-17,True,active
2694,mass,SC,cidade_sc_14,2022-05-19,True,active
2695,premium,MG,cidade_mg_15,2021-03-24,True,active
2696,mass,RJ,cidade_rj_16,2024-01-02,True,active
2697,premium,PR,cidade_pr_17,2022-12-16,True,active
2698,mass,SP,cidade_sp_18,2020-02-18,True,active
2699,mass,SP,cidade_sp_19,2021-02-15,True,active
2700,mass,SP,cidade_sp_20,2022-09-04,False,active
2701,mass,SC,cidade_sc_01,2022-09-22,False,active
2702,mass,PR,cidade_pr_02,2022-03-31,True,active
2703,mass,PE,cidade_pe_03,2024-07-26,True,active
2704,mass,SP,cidade_sp_04,2021-10-06,False,inactive
2705,mass,SC,cidade_sc_05,2024-02-22,False,active
2706,mass,RJ,cidade_rj_06,2020-03-28,False,active
2707,mass,SC,cidade_sc_07,2020-08-03,False,inactive
2708,mass,BA,cidade_ba_08,2023-02-02,False,active
2709,premium,RS,cidade_rs_09,2023-04-11,False,active
2710,premium,PR,cidade_pr_10,2021-06-30,True,active
2711,mass,RJ,cidade_rj_11,2021-01-01,True,active
2712,mass,SP,cidade_sp_12,2022-04-14,True,active
2713,premium,RJ,cidade_rj_13,2022-11-03,True,active
2714,corporate,SP,cidade_sp_14,2024-04-26,True,active
2715,mass,SP,cidade_sp_15,2021-07-19,True,active
2716,mass,SP,cidade_sp_16,2024-04-09,False,active
2717,corporate,SP,cidade_sp_17,2024-11-19,True,active
2718,premium,SP,cidade_sp_18,2020-07-07,False,active
2719,mass,RJ,cidade_rj_19,2021-09-19,True,active
2720,mass,SP,cidade_sp_20,2022-05-19,True,inactive
2721,premium,GO,cidade_go_01,2022-11-06,False,active
2722,mass,MG,cidade_mg_02,2024-03-14,True,active
2723,mass,GO,cidade_go_03,2024-01-21,True,active
2724,premium,SP,cidade_sp_04,2023-01-14,False,active
2725,mass,SC,cidade_sc_05,2020-06-18,True,active
2726,corporate,PR,cidade_pr_06,2024-09-07,True,inactive
2727,mass,RJ,cidade_rj_07,2022-08-18,True,active
2728,mass,RJ,cidade_rj_08,2024-04-20,True,active
2729,premium,SC,cidade_sc_09,2024-11-21,True,inactive
2730,mass,SP,cidade_sp_10,2021-09-06,True,active
2731,mass,MG,cidade_mg_11,2024-07-24,True,active
2732,mass,ES,cidade_es_12,2023-06-26,True,active
2733,premium,RJ,cidade_rj_13,2022-03-21,True,active
2734,mass,MG,cidade_mg_14,2023-01-31,False,active
2735,mass,RJ,cidade_rj_15,2020-04-18,True,active
2736,mass,RJ,cidade_rj_16,2023-01-25,False,active
2737,mass,PR,cidade_pr_17,2021-11-18,True,active
2738,mass,PR,cidade_pr_18,2024-10-04,True,active
2739,mass,SP,cidade_sp_19,2020-09-12,True,active
2740,mass,SP,cidade_sp_20,2023-10-15,True,active
2741,mass,SP,cidade_sp_01,2023-01-13,True,active
2742,mass,PE,cidade_pe_02,2021-07-31,True,active
2743,mass,PR,cidade_pr_03,2021-12-02,True,active
2744,mass,PR,cidade_pr_04,2024-06-05,True,active
2745,mass,SP,cidade_sp_05,2022-12-07,True,active
2746,premium,BA,cidade_ba_06,2022-01-14,False,active
2747,mass,RJ,cidade_rj_07,2024-03-31,True,active
2748,mass,ES,cidade_es_08,2023-07-18,False,active
2749,premium,MG,cidade_mg_09,2020-10-26,True,active
2750,mass,SP,cidade_sp_10,2022-05-13,False,inactive
2751,mass,RJ,cidade_rj_11,2023-04-16,False,active
2752,mass,BA,cidade_ba_12,2024-12-24,True,active
2753,premium,PR,cidade_pr_13,2024-08-28,True,active
2754,mass,GO,cidade_go_14,2021-12-13,True,active
2755,mass,RJ,cidade_rj_15,2024-10-28,False,active
2756,mass,GO,cidade_go_16,2023-02-24,True,active
2757,premium,SP,cidade_sp_17,2024-11-27,True,active
2758,mass,SC,cidade_sc_18,2020-03-07,True,active
2759,mass,NA,cidade_sp_19,2022-09-28,True,active
2760,mass,PR,cidade_pr_20,2022-05-30,False,active
2761,mass,SC,cidade_sc_01,2021-12-04,True,active
2762,mass,SC,cidade_sc_02,2024-10-29,False,active
2763,premium,RJ,cidade_rj_03,2023-01-16,False,active
2764,mass,MG,cidade_mg_04,2024-03-11,True,active
2765,mass,RJ,cidade_rj_05,2022-09-05,True,active
2766,mass,RJ,cidade_rj_06,2024-06-09,True,active
2767,corporate,RS,cidade_rs_07,2021-06-30,True,active
2768,mass,RJ,cidade_rj_08,2022-11-20,True,active
2769,corporate,ES,cidade_es_09,2022-08-29,True,active
2770,mass,RJ,cidade_rj_10,2020-11-29,True,active
2771,premium,SP,cidade_sp_11,2022-04-15,True,active
2772,mass,BA,cidade_ba_12,2022-08-04,True,active
2773,mass,SC,cidade_sc_13,2022-09-23,False,active
2774,premium,MG,cidade_mg_14,2021-07-18,True,active
2775,premium,RS,cidade_rs_15,2021-07-28,True,active
2776,corporate,SP,cidade_sp_16,2024-04-16,True,active
2777,mass,BA,cidade_ba_17,2021-12-15,False,active
2778,premium,SC,cidade_sc_18,2024-03-27,False,active
2779,premium,GO,cidade_go_19,2024-01-16,True,active
2780,mass,PR,cidade_pr_20,2020-06-27,True,active
2781,mass,NA,cidade_sp_01,2020-03-23,True,active
2782,premium,MG,cidade_mg_02,2021-09-30,True,active
2783,premium,SP,cidade_sp_03,2023-06-10,False,active
2784,mass,RJ,cidade_rj_04,2021-09-07,False,active
2785,mass,SP,cidade_sp_05,2021-04-04,False,active
2786,premium,SP,cidade_sp_06,2022-07-09,False,active
2787,mass,SC,cidade_sc_07,2022-07-09,False,active
2788,mass,PR,cidade_pr_08,2021-02-28,False,active
2789,premium,SP,cidade_sp_09,2023-03-04,True,active
2790,mass,RJ,cidade_rj_10,2024-08-09,True,active
2791,premium,SP,cidade_sp_11,2020-03-11,True,active
2792,mass,MG,cidade_mg_12,2023-12-26,False,active
2793,mass,SP,cidade_sp_13,2021-08-30,False,active
2794,corporate,RJ,cidade_rj_14,2024-02-17,False,active
2795,corporate,BA,cidade_ba_15,2022-10-10,False,active
2796,mass,PE,cidade_pe_16,2022-09-30,True,active
2797,premium,PR,cidade_pr_17,2020-08-11,True,active
2798,premium,SP,cidade_sp_18,2020-08-26,True,active
2799,mass,SP,cidade_sp_19,2021-10-25,False,active
2800,premium,RJ,cidade_rj_20,2022-08-06,True,active
2801,premium,RJ,cidade_rj_01,2024-03-08,True,active
2802,premium,PR,cidade_pr_02,2021-03-04,True,active
2803,mass,MG,cidade_mg_03,2023-02-13,False,active
2804,mass,SP,cidade_sp_04,2020-08-31,False,active
2805,mass,BA,cidade_ba_05,2020-03-09,False,inactive
2806,mass,MG,cidade_mg_06,2023-12-03,True,active
2807,mass,RS,cidade_rs_07,2021-09-24,False,active
2808,mass,SP,cidade_sp_08,2024-03-11,True,active
2809,mass,RS,cidade_rs_09,2022-04-19,True,active
2810,premium,MG,cidade_mg_10,2024-12-02,True,active
2811,mass,RJ,cidade_rj_11,2020-04-13,True,active
2812,mass,BA,cidade_ba_12,2024-04-03,False,active
2813,mass,GO,cidade_go_13,2023-11-23,True,inactive
2814,mass,RJ,cidade_rj_14,2020-06-22,True,active
2815,mass,SP,cidade_sp_15,2023-05-09,False,active
2816,corporate,MG,cidade_mg_16,2024-05-01,False,active
2817,mass,SP,cidade_sp_17,2022-04-02,True,active
2818,mass,PR,cidade_pr_18,2024-03-05,True,inactive
2819,mass,RS,cidade_rs_19,2023-11-08,True,active
2820,mass,SP,cidade_sp_20,2024-11-07,True,active
2821,premium,SP,cidade_sp_01,2021-04-21,True,active
2822,premium,PE,cidade_pe_02,2022-04-25,True,active
2823,mass,PR,cidade_pr_03,2020-05-20,True,active
2824,mass,BA,cidade_ba_04,2022-08-27,True,active
2825,premium,GO,cidade_go_05,2020-01-25,True,active
2826,mass,SP,cidade_sp_06,2020-09-19,True,active
2827,mass,SC,cidade_sc_07,2021-07-03,False,active
2828,mass,MG,cidade_mg_08,2023-09-05,False,active
2829,mass,RJ,cidade_rj_09,2024-10-08,False,active
2830,mass,RJ,cidade_rj_10,2020-12-08,True,active
2831,mass,ES,cidade_es_11,2023-02-26,False,active
2832,mass,PE,cidade_pe_12,2020-01-29,False,active
2833,mass,BA,cidade_ba_13,2022-06-07,True,active
2834,mass,ES,cidade_es_14,2024-05-05,True,inactive
2835,corporate,SP,cidade_sp_15,2021-04-10,False,inactive
2836,corporate,RJ,cidade_rj_16,2023-08-23,False,active
2837,premium,SP,cidade_sp_17,2021-03-17,True,active
2838,premium,PE,cidade_pe_18,2021-01-25,False,active
2839,mass,RS,cidade_rs_19,2023-03-25,True,active
2840,mass,GO,cidade_go_20,2020-12-27,False,active
2841,mass,RS,cidade_rs_01,2024-03-05,True,inactive
2842,mass,SC,cidade_sc_02,2021-05-12,False,active
2843,mass,SP,cidade_sp_03,2021-05-06,True,active
2844,mass,MG,cidade_mg_04,2024-05-28,True,active
2845,mass,RJ,cidade_rj_05,2020-10-01,True,active
2846,mass,RS,cidade_rs_06,2022-11-22,False,active
2847,mass,RJ,cidade_rj_07,2021-11-07,True,inactive
2848,mass,PE,cidade_pe_08,2020-01-30,True,active
2849,mass,RJ,cidade_rj_09,2022-01-04,False,active
2850,mass,PR,cidade_pr_10,2020-07-19,True,active
2851,mass,RJ,cidade_rj_11,2023-05-17,False,active
2852,mass,MG,cidade_mg_12,2021-08-21,False,active
2853,premium,BA,cidade_ba_13,2022-06-05,True,active
2854,corporate,SP,cidade_sp_14,2021-12-07,True,active
2855,mass,MG,cidade_mg_15,2020-02-13,True,active
2856,mass,SP,cidade_sp_16,2023-11-23,True,active
2857,mass,RJ,cidade_rj_17,2021-03-27,True,active
2858,premium,GO,cidade_go_18,2022-07-26,False,active
2859,mass,SP,cidade_sp_19,2022-10-01,False,inactive
2860,corporate,MG,cidade_mg_20,2024-08-06,False,active
2861,mass,GO,cidade_go_01,2022-09-08,True,active
2862,premium,RS,cidade_rs_02,2023-09-30,True,active
2863,corporate,PR,cidade_pr_03,2023-08-27,False,active
2864,mass,SP,cidade_sp_04,2020-06-03,False,active
2865,mass,PR,cidade_pr_05,2024-05-12,False,active
2866,mass,PE,cidade_pe_06,2024-03-12,True,active
2867,mass,RS,cidade_rs_07,2022-02-05,True,active
2868,premium,RJ,cidade_rj_08,2020-01-11,True,active
2869,corporate,PR,cidade_pr_09,2021-11-05,False,active
2870,mass,RS,cidade_rs_10,2022-03-31,True,active
2871,mass,SC,cidade_sc_11,2023-01-04,False,active
2872,premium,RJ,cidade_rj_12,2024-12-06,True,active
2873,mass,RJ,cidade_rj_13,2022-04-18,True,active
2874,mass,PR,cidade_pr_14,2022-12-19,False,active
2875,mass,MG,cidade_mg_15,2021-01-16,False,active
2876,mass,BA,cidade_ba_16,2021-10-10,False,active
2877,mass,SP,cidade_sp_17,2022-02-28,False,active
2878,mass,SP,cidade_sp_18,2023-01-27,True,active
2879,mass,SP,cidade_sp_19,2024-02-15,False,active
2880,mass,SP,cidade_sp_20,2020-07-17,True,active
2881,mass,PR,cidade_pr_01,2020-09-23,True,active
2882,premium,BA,cidade_ba_02,2024-03-30,False,active
2883,mass,RJ,cidade_rj_03,2021-10-06,True,active
2884,premium,SP,cidade_sp_04,2021-02-20,True,inactive
2885,mass,SC,cidade_sc_05,2023-08-26,False,active
2886,corporate,NA,cidade_sp_06,2022-06-04,True,active
2887,mass,MG,cidade_mg_07,2022-06-02,True,active
2888,mass,SP,cidade_sp_08,2020-07-20,True,active
2889,mass,PE,cidade_pe_09,2023-09-30,False,active
2890,mass,SP,cidade_sp_10,2020-04-24,True,active
2891,mass,SC,cidade_sc_11,2023-11-03,False,active
2892,mass,RS,cidade_rs_12,2021-06-09,True,active
2893,premium,MG,cidade_mg_13,2023-02-03,True,active
2894,mass,RS,cidade_rs_14,2022-04-30,False,active
2895,premium,SP,cidade_sp_15,2024-09-04,True,active
2896,mass,SP,cidade_sp_16,2021-01-27,True,active
2897,premium,SP,cidade_sp_17,2020-11-03,True,active
2898,mass,RJ,cidade_rj_18,2022-10-07,False,active
2899,mass,MG,cidade_mg_19,2023-07-23,True,active
2900,mass,SP,cidade_sp_20,2023-03-24,False,active
2901,premium,RS,cidade_rs_01,2023-03-04,True,active
2902,mass,SP,cidade_sp_02,2024-01-08,True,inactive
2903,mass,SC,cidade_sc_03,2020-03-09,True,active
2904,mass,RJ,cidade_rj_04,2023-05-20,True,active
2905,mass,SC,cidade_sc_05,2023-12-10,True,active
2906,mass,SP,cidade_sp_06,2023-12-05,True,active
2907,mass,RJ,cidade_rj_07,2020-09-24,True,active
2908,mass,SP,cidade_sp_08,2020-08-09,True,active
2909,premium,SC,cidade_sc_09,2021-10-19,True,active
2910,premium,MG,cidade_mg_10,2022-05-16,False,active
2911,mass,RS,cidade_rs_11,2022-07-03,False,inactive
2912,premium,NA,cidade_pr_12,2022-07-22,True,active
2913,mass,RJ,cidade_rj_13,2021-07-10,True,active
2914,mass,SP,cidade_sp_14,2021-02-27,True,active
2915,mass,SP,cidade_sp_15,2022-12-19,False,active
2916,corporate,PR,cidade_pr_16,2021-08-05,True,active
2917,mass,BA,cidade_ba_17,2023-08-11,False,active
2918,mass,SP,cidade_sp_18,2024-08-19,False,active
2919,premium,PR,cidade_pr_19,2023-11-01,True,active
2920,mass,PR,cidade_pr_20,2020-10-18,False,active
2921,mass,GO,cidade_go_01,2021-01-19,False,active
2922,premium,GO,cidade_go_02,2023-12-16,True,active
2923,mass,MG,cidade_mg_03,2021-04-21,True,active
2924,mass,PR,cidade_pr_04,2023-11-28,True,active
2925,mass,RS,cidade_rs_05,2020-07-04,True,active
2926,mass,RJ,cidade_rj_06,2020-03-04,True,active
2927,mass,RJ,cidade_rj_07,2024-02-11,True,active
2928,premium,RS,cidade_rs_08,2023-07-13,True,active
2929,mass,SP,cidade_sp_09,2022-10-06,True,active
2930,mass,SP,cidade_sp_10,2022-09-04,True,active
2931,corporate,SP,cidade_sp_11,2023-06-11,False,active
2932,mass,SC,cidade_sc_12,2024-08-06,True,active
2933,mass,PE,cidade_pe_13,2024-06-20,False,active
2934,mass,RJ,cidade_rj_14,2020-05-12,True,active
2935,mass,SC,cidade_sc_15,2020-02-04,False,active
2936,mass,MG,cidade_mg_16,2023-08-07,True,inactive
2937,mass,SP,cidade_sp_17,2023-12-04,False,active
2938,corporate,SP,cidade_sp_18,2023-04-01,True,active
2939,mass,BA,cidade_ba_19,2021-10-17,True,active
2940,mass,SC,cidade_sc_20,2022-11-16,True,active
2941,mass,PR,cidade_pr_01,2020-11-29,True,active
2942,premium,PR,cidade_pr_02,2022-01-19,True,active
2943,mass,SP,cidade_sp_03,2023-03-25,True,active
2944,premium,ES,cidade_es_04,2020-03-17,True,active
2945,mass,PR,cidade_pr_05,2021-08-23,False,active
2946,premium,SC,cidade_sc_06,2023-04-08,False,active
2947,corporate,BA,cidade_ba_07,2021-09-02,True,active
2948,mass,BA,cidade_ba_08,2022-11-27,True,active
2949,mass,SP,cidade_sp_09,2023-09-17,True,active
2950,mass,MG,cidade_mg_10,2023-11-25,True,active
2951,mass,RJ,cidade_rj_11,2024-07-07,True,active
2952,mass,PE,cidade_pe_12,2022-05-10,True,inactive
2953,premium,SP,cidade_sp_13,2020-10-09,False,active
2954,mass,RJ,cidade_rj_14,2021-10-10,False,active
2955,mass,SC,cidade_sc_15,2023-04-11,False,active
2956,premium,SP,cidade_sp_16,2023-08-27,False,active
2957,mass,SP,cidade_sp_17,2021-01-08,True,active
2958,mass,PR,cidade_pr_18,2021-10-11,True,active
2959,mass,RJ,cidade_rj_19,2021-03-06,True,active
2960,mass,SP,cidade_sp_20,2021-09-17,False,active
2961,mass,SP,cidade_sp_01,2022-08-19,False,active
2962,premium,RJ,cidade_rj_02,2023-08-14,False,active
2963,mass,PR,cidade_pr_03,2024-11-13,True,active
2964,mass,SP,cidade_sp_04,2023-02-14,True,active
2965,mass,SP,cidade_sp_05,2023-09-09,True,active
2966,mass,RS,cidade_rs_06,2024-01-01,True,active
2967,mass,PE,cidade_pe_07,2023-04-17,True,active
2968,premium,MG,cidade_mg_08,2022-11-28,False,active
2969,premium,PR,cidade_pr_09,2024-08-12,True,active
2970,mass,MG,cidade_mg_10,2023-08-30,True,active
2971,mass,MG,cidade_mg_11,2021-03-01,True,active
2972,mass,SP,cidade_sp_12,2022-08-05,True,active
2973,mass,PR,cidade_pr_13,2021-01-19,True,active
2974,mass,RJ,cidade_rj_14,2023-09-07,True,active
2975,corporate,MG,cidade_mg_15,2022-07-12,False,active
2976,mass,SP,cidade_sp_16,2022-09-15,False,active
2977,mass,SP,cidade_sp_17,2022-01-07,True,active
2978,premium,MG,cidade_mg_18,2022-03-28,False,active
2979,mass,SP,cidade_sp_19,2021-09-04,True,active
2980,corporate,BA,cidade_ba_20,2024-06-01,True,active
2981,mass,SC,cidade_sc_01,2024-02-19,False,active
2982,premium,SC,cidade_sc_02,2020-10-06,True,active
2983,mass,SP,cidade_sp_03,2022-11-03,False,active
2984,mass,SP,cidade_sp_04,2022-05-11,False,active
2985,corporate,SP,cidade_sp_05,2020-01-09,True,active
2986,mass,SP,cidade_sp_06,2024-02-20,True,active
2987,mass,RJ,cidade_rj_07,2023-07-06,False,active
2988,mass,SP,cidade_sp_08,2021-06-16,True,active
2989,mass,ES,cidade_es_09,2023-01-21,True,active
2990,mass,SP,cidade_sp_10,2024-06-09,True,active
2991,premium,MG,cidade_mg_11,2024-05-27,True,inactive
2992,premium,SP,cidade_sp_12,2020-05-02,True,active
2993,corporate,SP,cidade_sp_13,2020-10-22,True,active
2994,premium,SP,cidade_sp_14,2020-12-10,True,active
2995,corporate,PR,cidade_pr_15,2023-06-22,False,active
2996,mass,PR,cidade_pr_16,2022-01-02,True,active
2997,mass,BA,cidade_ba_17,2022-04-02,True,active
2998,corporate,SC,cidade_sc_18,2020-03-01,False,active
2999,corporate,SP,cidade_sp_19,2022-08-26,True,active
3000,premium,ES,cidade_es_20,2022-03-10,False,active
3001,mass,SP,cidade_sp_01,2021-02-15,False,active
3002,premium,RS,cidade_rs_02,2023-08-22,True,active
3003,mass,MG,cidade_mg_03,2021-03-25,True,active
3004,mass,MG,cidade_mg_04,2021-02-23,False,active
3005,mass,PR,cidade_pr_05,2023-05-20,True,active
3006,mass,SP,cidade_sp_06,2021-10-09,False,active
3007,premium,ES,cidade_es_07,2023-03-11,False,active
3008,mass,RJ,cidade_rj_08,2022-04-09,True,active
3009,mass,SP,cidade_sp_09,2022-09-05,True,active
3010,mass,RJ,cidade_rj_10,2023-11-07,True,inactive
3011,premium,SP,cidade_sp_11,2021-12-19,True,active
3012,mass,BA,cidade_ba_12,2020-04-18,True,active
3013,premium,ES,cidade_es_13,2020-07-03,False,active
3014,premium,MG,cidade_mg_14,2023-06-01,True,inactive
3015,mass,RJ,cidade_rj_15,2023-03-06,False,active
3016,mass,SC,cidade_sc_16,2020-08-25,True,active
3017,mass,BA,cidade_ba_17,2021-12-24,True,active
3018,mass,RJ,cidade_rj_18,2020-12-18,True,active
3019,mass,PR,cidade_pr_19,2022-09-19,True,active
3020,mass,SP,cidade_sp_20,2020-08-30,True,active
3021,mass,MG,cidade_mg_01,2022-03-13,True,active
3022,premium,MG,cidade_mg_02,2021-10-02,True,active
3023,mass,MG,cidade_mg_03,2021-08-18,True,active
3024,mass,ES,cidade_es_04,2020-04-19,True,active
3025,mass,GO,cidade_go_05,2020-01-19,True,active
3026,premium,RJ,cidade_rj_06,2023-09-20,False,active
3027,mass,BA,cidade_ba_07,2022-03-09,False,active
3028,mass,SP,cidade_sp_08,2022-09-11,True,active
3029,mass,RJ,cidade_rj_09,2021-08-31,True,active
3030,mass,SP,cidade_sp_10,2020-04-06,True,active
3031,mass,NA,cidade_pr_11,2022-01-18,True,active
3032,mass,GO,cidade_go_12,2021-10-08,True,active
3033,mass,PR,cidade_pr_13,2023-07-23,False,active
3034,mass,PR,cidade_pr_14,2020-08-04,False,active
3035,mass,SC,cidade_sc_15,2021-11-19,False,active
3036,mass,PR,cidade_pr_16,2024-06-20,False,active
3037,mass,BA,cidade_ba_17,2022-03-30,True,inactive
3038,mass,PR,cidade_pr_18,2020-06-25,False,active
3039,corporate,BA,cidade_ba_19,2024-01-22,True,active
3040,premium,SC,cidade_sc_20,2021-11-19,False,active
3041,mass,BA,cidade_ba_01,2024-07-26,False,active
3042,mass,RS,cidade_rs_02,2024-09-17,True,inactive
3043,premium,PR,cidade_pr_03,2023-12-25,True,active
3044,mass,SP,cidade_sp_04,2022-02-02,True,active
3045,mass,PE,cidade_pe_05,2024-08-30,False,active
3046,mass,MG,cidade_mg_06,2023-12-18,True,inactive
3047,premium,GO,cidade_go_07,2024-02-20,True,active
3048,mass,SC,cidade_sc_08,2024-04-29,True,active
3049,mass,PE,cidade_pe_09,2022-07-17,True,active
3050,mass,PR,cidade_pr_10,2022-09-23,True,active
3051,mass,PE,cidade_pe_11,2024-03-04,True,active
3052,premium,SP,cidade_sp_12,2022-11-14,False,active
3053,mass,SP,cidade_sp_13,2023-04-12,False,active
3054,premium,SP,cidade_sp_14,2021-07-10,True,active
3055,mass,PR,cidade_pr_15,2024-02-13,False,active
3056,mass,RJ,cidade_rj_16,2023-08-23,False,active
3057,mass,SP,cidade_sp_17,2024-02-24,True,active
3058,mass,GO,cidade_go_18,2021-02-17,True,active
3059,corporate,ES,cidade_es_19,2020-01-27,False,active
3060,premium,RJ,cidade_rj_20,2021-03-07,False,active
3061,mass,RJ,cidade_rj_01,2024-02-29,True,active
3062,premium,ES,cidade_es_02,2021-10-07,True,active
3063,premium,SP,cidade_sp_03,2022-03-08,True,active
3064,mass,RS,cidade_rs_04,2021-04-19,False,active
3065,mass,RS,cidade_rs_05,2023-08-04,True,active
3066,premium,RJ,cidade_rj_06,2022-05-21,True,active
3067,premium,BA,cidade_ba_07,2023-02-15,True,active
3068,mass,SC,cidade_sc_08,2024-07-27,True,active
3069,corporate,MG,cidade_mg_09,2021-10-22,True,active
3070,premium,PR,cidade_pr_10,2022-11-21,True,active
3071,mass,SP,cidade_sp_11,2023-02-06,True,active
3072,mass,BA,cidade_ba_12,2020-02-26,True,inactive
3073,mass,SP,cidade_sp_13,2022-11-28,True,active
3074,mass,PE,cidade_pe_14,2024-01-24,True,active
3075,premium,SP,cidade_sp_15,2021-12-16,False,active
3076,mass,SP,cidade_sp_16,2020-03-01,True,active
3077,mass,ES,cidade_es_17,2021-02-24,True,active
3078,mass,BA,cidade_ba_18,2023-11-11,False,active
3079,mass,SP,cidade_sp_19,2024-08-14,True,active
3080,mass,SC,cidade_sc_20,2022-05-11,False,active
3081,mass,RS,cidade_rs_01,2022-07-16,False,active
3082,mass,SP,cidade_sp_02,2021-04-22,False,active
3083,premium,SP,cidade_sp_03,2020-03-24,True,active
3084,mass,SP,cidade_sp_04,2022-02-07,True,active
3085,premium,SP,cidade_sp_05,2020-02-12,False,active
3086,mass,BA,cidade_ba_06,2023-05-02,True,active
3087,premium,RJ,cidade_rj_07,2020-02-01,True,active
3088,premium,PR,cidade_pr_08,2021-10-30,True,active
3089,premium,PE,cidade_pe_09,2024-11-28,False,active
3090,mass,MG,cidade_mg_10,2023-03-19,True,active
3091,corporate,RS,cidade_rs_11,2020-10-16,False,active
3092,corporate,RS,cidade_rs_12,2023-05-16,False,active
3093,premium,RJ,cidade_rj_13,2024-08-22,True,active
3094,premium,RJ,cidade_rj_14,2024-11-27,True,inactive
3095,corporate,RJ,cidade_rj_15,2022-04-01,True,active
3096,mass,SP,cidade_sp_16,2021-05-23,False,active
3097,premium,RS,cidade_rs_17,2021-02-18,True,inactive
3098,mass,MG,cidade_mg_18,2021-07-22,True,active
3099,mass,ES,cidade_es_19,2021-01-26,True,active
3100,mass,PE,cidade_pe_20,2021-06-27,True,active
3101,mass,RJ,cidade_rj_01,2022-03-20,False,active
3102,mass,GO,cidade_go_02,2021-09-29,False,active
3103,mass,SP,cidade_sp_03,2022-02-14,True,active
3104,mass,BA,cidade_ba_04,2021-06-02,True,active
3105,premium,RJ,cidade_rj_05,2021-07-04,False,active
3106,mass,GO,cidade_go_06,2021-08-09,True,inactive
3107,premium,PR,cidade_pr_07,2020-11-18,False,active
3108,premium,PR,cidade_pr_08,2023-09-02,False,active
3109,mass,BA,cidade_ba_09,2022-10-06,True,active
3110,mass,BA,cidade_ba_10,2023-07-03,True,inactive
3111,premium,SP,cidade_sp_11,2021-08-04,False,active
3112,mass,SP,cidade_sp_12,2023-01-10,False,active
3113,mass,MG,cidade_mg_13,2021-02-26,True,active
3114,mass,GO,cidade_go_14,2020-06-12,True,active
3115,mass,RJ,cidade_rj_15,2024-11-29,False,inactive
3116,mass,BA,cidade_ba_16,2022-06-02,True,active
3117,mass,RS,cidade_rs_17,2023-01-21,True,active
3118,mass,MG,cidade_mg_18,2021-06-27,True,active
3119,mass,SC,cidade_sc_19,2023-03-08,True,inactive
3120,premium,SC,cidade_sc_20,2020-01-15,True,active
3121,mass,SP,cidade_sp_01,2024-11-24,True,active
3122,mass,SC,cidade_sc_02,2022-03-28,False,active
3123,mass,SP,cidade_sp_03,2022-01-20,True,active
3124,mass,SP,cidade_sp_04,2020-11-23,True,active
3125,mass,RS,cidade_rs_05,2024-11-06,False,active
3126,mass,MG,cidade_mg_06,2024-01-03,True,active
3127,mass,BA,cidade_ba_07,2020-08-24,True,active
3128,premium,RS,cidade_rs_08,2020-03-19,True,active
3129,mass,RJ,cidade_rj_09,2020-09-20,False,active
3130,mass,SC,cidade_sc_10,2020-01-09,True,active
3131,mass,BA,cidade_ba_11,2022-12-16,True,active
3132,premium,SP,cidade_sp_12,2024-11-08,True,active
3133,mass,SC,cidade_sc_13,2020-08-11,False,active
3134,mass,PR,cidade_pr_14,2021-11-07,False,inactive
3135,mass,BA,cidade_ba_15,2020-12-22,True,active
3136,mass,MG,cidade_mg_16,2022-01-23,False,active
3137,mass,PE,cidade_pe_17,2023-04-20,True,active
3138,mass,RJ,cidade_rj_18,2024-01-22,True,active
3139,mass,SP,cidade_sp_19,2023-09-11,True,inactive
3140,premium,SP,cidade_sp_20,2022-07-19,True,active
3141,mass,MG,cidade_mg_01,2023-03-06,True,active
3142,premium,BA,cidade_ba_02,2020-02-01,True,active
3143,mass,RJ,cidade_rj_03,2020-05-09,True,active
3144,mass,MG,cidade_mg_04,2020-12-04,True,active
3145,mass,RS,cidade_rs_05,2024-08-12,True,active
3146,corporate,SP,cidade_sp_06,2020-01-22,True,active
3147,mass,SP,cidade_sp_07,2022-12-24,False,active
3148,mass,PE,cidade_pe_08,2021-05-03,True,active
3149,mass,RS,cidade_rs_09,2020-01-16,False,active
3150,corporate,PR,cidade_pr_10,2023-11-08,False,active
3151,mass,RJ,cidade_rj_11,2020-04-03,True,active
3152,mass,PR,cidade_pr_12,2024-03-16,True,active
3153,mass,PR,cidade_pr_13,2020-02-01,False,active
3154,mass,SP,cidade_sp_14,2024-07-09,True,active
3155,mass,SC,cidade_sc_15,2020-09-27,True,active
3156,mass,SP,cidade_sp_16,2024-12-05,False,active
3157,mass,ES,cidade_es_17,2021-06-15,True,active
3158,mass,RJ,cidade_rj_18,2021-08-09,False,inactive
3159,corporate,BA,cidade_ba_19,2020-08-28,True,active
3160,mass,SP,cidade_sp_20,2023-08-14,True,active
3161,mass,SP,cidade_sp_01,2024-12-27,True,active
3162,mass,MG,cidade_mg_02,2022-09-15,True,active
3163,premium,PR,cidade_pr_03,2024-02-13,True,inactive
3164,corporate,RS,cidade_rs_04,2023-12-18,False,active
3165,premium,PR,cidade_pr_05,2023-11-04,False,active
3166,corporate,RJ,cidade_rj_06,2021-05-11,True,active
3167,mass,SP,cidade_sp_07,2021-12-10,False,inactive
3168,mass,SP,cidade_sp_08,2020-06-10,False,active
3169,premium,PR,cidade_pr_09,2020-12-02,True,inactive
3170,mass,SP,cidade_sp_10,2021-07-10,False,active
3171,premium,PE,cidade_pe_11,2024-05-01,True,active
3172,mass,PE,cidade_pe_12,2023-07-18,True,active
3173,mass,RJ,cidade_rj_13,2023-02-15,True,active
3174,mass,SP,cidade_sp_14,2023-06-29,True,active
3175,mass,PE,cidade_pe_15,2024-03-21,True,active
3176,premium,PR,cidade_pr_16,2022-04-28,True,active
3177,premium,RJ,cidade_rj_17,2021-06-05,True,active
3178,premium,SC,cidade_sc_18,2022-01-09,True,inactive
3179,mass,GO,cidade_go_19,2022-10-16,True,active
3180,mass,MG,cidade_mg_20,2020-02-23,True,active
3181,premium,SP,cidade_sp_01,2024-07-21,True,active
3182,premium,BA,cidade_ba_02,2024-09-19,True,active
3183,mass,SP,cidade_sp_03,2020-11-18,False,active
3184,mass,SP,cidade_sp_04,2023-08-31,False,active
3185,mass,PR,cidade_pr_05,2023-03-04,True,active
3186,corporate,BA,cidade_ba_06,2020-05-03,True,active
3187,mass,SP,cidade_sp_07,2022-05-24,True,inactive
3188,premium,SP,cidade_sp_08,2022-12-09,True,active
3189,mass,RJ,cidade_rj_09,2020-07-13,False,active
3190,mass,SP,cidade_sp_10,2022-08-02,False,active
3191,mass,SP,cidade_sp_11,2024-11-30,True,active
3192,mass,PE,cidade_pe_12,2022-01-06,True,active
3193,mass,RS,cidade_rs_13,2021-10-09,True,active
3194,premium,BA,cidade_ba_14,2020-02-20,True,active
3195,mass,PR,cidade_pr_15,2021-09-21,False,inactive
3196,mass,RS,cidade_rs_16,2021-11-13,True,active
3197,mass,RS,cidade_rs_17,2021-09-04,True,active
3198,mass,SP,cidade_sp_18,2021-02-27,True,active
3199,premium,SP,cidade_sp_19,2020-03-12,True,active
3200,mass,RJ,cidade_rj_20,2022-11-20,True,active
3201,mass,RS,cidade_rs_01,2021-07-16,True,active
3202,mass,SP,cidade_sp_02,2021-11-08,True,inactive
3203,premium,SP,cidade_sp_03,2020-07-04,True,active
3204,mass,MG,cidade_mg_04,2023-04-19,False,active
3205,mass,RJ,cidade_rj_05,2020-08-22,False,active
3206,mass,PR,cidade_pr_06,2020-09-11,True,active
3207,premium,SC,cidade_sc_07,2021-05-31,True,active
3208,premium,NA,cidade_sp_08,2020-12-28,True,active
3209,mass,RS,cidade_rs_09,2021-10-29,False,active
3210,mass,NA,cidade_sp_10,2021-07-30,True,active
3211,mass,SP,cidade_sp_11,2020-11-24,True,active
3212,mass,PE,cidade_pe_12,2020-10-27,True,active
3213,mass,GO,cidade_go_13,2020-02-09,True,active
3214,premium,MG,cidade_mg_14,2022-02-11,True,active
3215,mass,SC,cidade_sc_15,2024-11-18,False,active
3216,premium,RS,cidade_rs_16,2022-07-03,True,active
3217,premium,SP,cidade_sp_17,2020-01-26,False,active
3218,mass,RJ,cidade_rj_18,2023-02-04,True,active
3219,mass,RS,cidade_rs_19,2022-07-08,False,active
3220,mass,RJ,cidade_rj_20,2024-05-16,False,inactive
3221,mass,RJ,cidade_rj_01,2023-05-16,True,inactive
3222,premium,SP,cidade_sp_02,2023-07-29,True,active
3223,mass,ES,cidade_es_03,2022-03-25,False,active
3224,mass,BA,cidade_ba_04,2024-05-21,True,active
3225,mass,GO,cidade_go_05,2023-01-25,False,active
3226,corporate,SP,cidade_sp_06,2023-02-08,True,active
3227,premium,MG,cidade_mg_07,2023-02-12,True,active
3228,mass,SC,cidade_sc_08,2021-05-24,True,active
3229,mass,SP,cidade_sp_09,2021-01-14,False,inactive
3230,mass,SP,cidade_sp_10,2020-05-16,False,active
3231,mass,RS,cidade_rs_11,2021-08-19,True,active
3232,mass,BA,cidade_ba_12,2024-10-03,True,inactive
3233,mass,SP,cidade_sp_13,2024-10-05,True,active
3234,mass,SP,cidade_sp_14,2024-05-05,True,active
3235,premium,RS,cidade_rs_15,2023-11-04,False,active
3236,mass,SP,cidade_sp_16,2021-06-24,False,inactive
3237,mass,GO,cidade_go_17,2020-09-15,True,active
3238,mass,PE,cidade_pe_18,2020-08-17,True,inactive
3239,mass,SP,cidade_sp_19,2020-11-18,True,active
3240,mass,SP,cidade_sp_20,2023-10-13,True,active
3241,mass,RJ,cidade_rj_01,2022-03-22,True,active
3242,mass,SP,cidade_sp_02,2023-01-25,True,active
3243,corporate,GO,cidade_go_03,2024-03-14,True,active
3244,mass,SC,cidade_sc_04,2023-02-09,True,inactive
3245,corporate,MG,cidade_mg_05,2023-01-23,True,active
3246,mass,SP,cidade_sp_06,2021-03-16,True,active
3247,premium,GO,cidade_go_07,2023-04-16,True,active
3248,mass,RJ,cidade_rj_08,2021-02-06,True,active
3249,mass,BA,cidade_ba_09,2021-11-16,False,active
3250,corporate,SP,cidade_sp_10,2020-05-25,False,active
3251,premium,MG,cidade_mg_11,2023-09-13,True,active
3252,premium,RJ,cidade_rj_12,2021-06-29,False,active
3253,mass,SP,cidade_sp_13,2023-12-22,True,active
3254,mass,MG,cidade_mg_14,2023-08-30,False,active
3255,mass,SP,cidade_sp_15,2022-10-11,True,active
3256,mass,SP,cidade_sp_16,2022-10-22,True,active
3257,mass,PR,cidade_pr_17,2023-09-21,False,active
3258,mass,MG,cidade_mg_18,2021-10-21,True,active
3259,mass,RJ,cidade_rj_19,2023-06-26,True,active
3260,mass,BA,cidade_ba_20,2021-06-05,True,active
3261,mass,SP,cidade_sp_01,2023-07-18,False,active
3262,premium,RJ,cidade_rj_02,2020-07-15,True,active
3263,corporate,SP,cidade_sp_03,2021-11-08,True,active
3264,mass,SC,cidade_sc_04,2023-09-25,False,active
3265,mass,SP,cidade_sp_05,2023-04-05,True,active
3266,mass,SP,cidade_sp_06,2020-11-23,False,inactive
3267,mass,SP,cidade_sp_07,2024-05-09,True,inactive
3268,premium,PR,cidade_pr_08,2020-09-04,True,active
3269,premium,BA,cidade_ba_09,2021-11-01,True,active
3270,mass,BA,cidade_ba_10,2022-06-11,False,active
3271,mass,PE,cidade_pe_11,2020-09-10,False,inactive
3272,corporate,PR,cidade_pr_12,2022-03-21,False,active
3273,premium,MG,cidade_mg_13,2021-07-30,True,active
3274,mass,RJ,cidade_rj_14,2024-09-05,True,active
3275,mass,MG,cidade_mg_15,2024-04-17,True,inactive
3276,mass,RJ,cidade_rj_16,2022-06-06,False,active
3277,premium,SP,cidade_sp_17,2022-09-10,True,active
3278,mass,RJ,cidade_rj_18,2020-06-23,False,active
3279,corporate,SP,cidade_sp_19,2022-06-10,True,active
3280,mass,SP,cidade_sp_20,2021-08-25,True,active
3281,mass,SP,cidade_sp_01,2022-05-18,True,active
3282,mass,SC,cidade_sc_02,2020-12-23,True,active
3283,mass,SP,cidade_sp_03,2020-09-26,True,active
3284,mass,MG,cidade_mg_04,2023-11-01,False,active
3285,mass,SP,cidade_sp_05,2020-03-12,True,active
3286,mass,SP,cidade_sp_06,2021-02-16,True,inactive
3287,corporate,BA,cidade_ba_07,2020-08-13,True,active
3288,premium,RJ,cidade_rj_08,2020-01-05,True,active
3289,mass,PR,cidade_pr_09,2022-01-07,True,active
3290,mass,RJ,cidade_rj_10,2022-08-05,True,active
3291,mass,ES,cidade_es_11,2020-12-03,True,active
3292,mass,MG,cidade_mg_12,2021-11-10,True,active
3293,mass,SP,cidade_sp_13,2021-04-28,True,active
3294,mass,SP,cidade_sp_14,2021-01-23,True,active
3295,premium,PR,cidade_pr_15,2024-10-11,True,active
3296,mass,SC,cidade_sc_16,2024-08-28,False,active
3297,mass,MG,cidade_mg_17,2021-07-14,True,active
3298,mass,SC,cidade_sc_18,2022-04-14,False,active
3299,premium,PR,cidade_pr_19,2023-03-06,True,active
3300,mass,RJ,cidade_rj_20,2024-06-23,False,active
3301,mass,MG,cidade_mg_01,2021-10-16,True,active
3302,premium,SP,cidade_sp_02,2021-07-08,False,active
3303,premium,PR,cidade_pr_03,2023-02-11,True,active
3304,premium,RS,cidade_rs_04,2023-10-25,False,active
3305,premium,SP,cidade_sp_05,2020-11-05,False,inactive
3306,premium,MG,cidade_mg_06,2023-06-23,False,active
3307,premium,MG,cidade_mg_07,2020-08-20,True,active
3308,premium,ES,cidade_es_08,2023-03-07,True,active
3309,mass,SP,cidade_sp_09,2021-02-14,False,active
3310,mass,BA,cidade_ba_10,2024-01-28,False,active
3311,mass,SP,cidade_sp_11,2023-09-09,True,active
3312,premium,PR,cidade_pr_12,2020-08-03,True,active
3313,premium,RS,cidade_rs_13,2021-11-15,True,active
3314,premium,SC,cidade_sc_14,2023-02-08,True,active
3315,mass,ES,cidade_es_15,2024-05-01,True,active
3316,premium,GO,cidade_go_16,2022-02-03,True,active
3317,corporate,RJ,cidade_rj_17,2024-09-18,True,active
3318,premium,SC,cidade_sc_18,2023-09-27,False,active
3319,corporate,SP,cidade_sp_19,2024-02-18,True,active
3320,mass,RJ,cidade_rj_20,2020-09-19,True,active
3321,mass,BA,cidade_ba_01,2024-05-17,False,active
3322,premium,GO,cidade_go_02,2023-01-08,True,active
3323,mass,SP,cidade_sp_03,2024-11-15,True,active
3324,mass,SP,cidade_sp_04,2024-03-07,True,active
3325,mass,SC,cidade_sc_05,2024-10-15,True,active
3326,premium,MG,cidade_mg_06,2023-10-16,True,active
3327,mass,RJ,cidade_rj_07,2021-02-18,True,active
3328,mass,SC,cidade_sc_08,2020-10-08,True,inactive
3329,mass,SP,cidade_sp_09,2024-04-07,True,active
3330,corporate,SP,cidade_sp_10,2020-06-12,False,active
3331,mass,PR,cidade_pr_11,2024-12-27,False,active
3332,mass,RJ,cidade_rj_12,2021-07-13,True,active
3333,premium,BA,cidade_ba_13,2020-06-25,False,active
3334,premium,BA,cidade_ba_14,2020-01-19,True,active
3335,mass,MG,cidade_mg_15,2022-09-26,False,inactive
3336,mass,RS,cidade_rs_16,2024-10-04,True,active
3337,mass,MG,cidade_mg_17,2023-12-15,False,inactive
3338,mass,SP,cidade_sp_18,2024-12-19,True,active
3339,mass,PR,cidade_pr_19,2022-10-03,True,active
3340,premium,MG,cidade_mg_20,2021-10-25,False,active
3341,mass,BA,cidade_ba_01,2022-01-25,False,active
3342,mass,BA,cidade_ba_02,2023-05-12,True,active
3343,mass,PR,cidade_pr_03,2022-05-19,True,active
3344,mass,MG,cidade_mg_04,2020-11-27,True,active
3345,premium,RS,cidade_rs_05,2023-12-20,True,active
3346,mass,SP,cidade_sp_06,2021-09-30,True,active
3347,mass,PE,cidade_pe_07,2020-09-19,False,active
3348,mass,SP,cidade_sp_08,2022-06-11,False,active
3349,corporate,SP,cidade_sp_09,2020-08-23,True,active
3350,premium,ES,cidade_es_10,2022-07-11,True,inactive
3351,mass,RJ,cidade_rj_11,2023-02-06,False,active
3352,mass,RJ,cidade_rj_12,2022-04-01,True,inactive
3353,premium,GO,cidade_go_13,2021-06-06,True,active
3354,premium,BA,cidade_ba_14,2022-09-07,True,active
3355,premium,SP,cidade_sp_15,2020-06-05,True,active
3356,mass,BA,cidade_ba_16,2021-11-03,True,inactive
3357,mass,RJ,cidade_rj_17,2023-02-16,True,active
3358,mass,GO,cidade_go_18,2023-03-20,True,active
3359,corporate,MG,cidade_mg_19,2024-05-11,True,active
3360,mass,BA,cidade_ba_20,2023-10-15,False,inactive
3361,mass,SP,cidade_sp_01,2021-01-14,False,inactive
3362,mass,ES,cidade_es_02,2021-05-19,False,active
3363,mass,SC,cidade_sc_03,2021-12-09,False,active
3364,premium,SC,cidade_sc_04,2020-06-26,False,active
3365,mass,RJ,cidade_rj_05,2023-03-01,True,active
3366,mass,SP,cidade_sp_06,2021-07-11,True,active
3367,mass,RJ,cidade_rj_07,2021-12-31,True,active
3368,mass,RJ,cidade_rj_08,2024-03-18,True,active
3369,mass,SP,cidade_sp_09,2022-12-22,True,active
3370,premium,RJ,cidade_rj_10,2023-10-26,False,active
3371,mass,SP,cidade_sp_11,2023-09-17,True,active
3372,corporate,RJ,cidade_rj_12,2020-07-03,False,active
3373,mass,SP,cidade_sp_13,2020-11-23,True,active
3374,mass,MG,cidade_mg_14,2023-05-25,True,active
3375,mass,SP,cidade_sp_15,2022-07-22,False,active
3376,mass,RJ,cidade_rj_16,2021-09-07,False,active
3377,mass,BA,cidade_ba_17,2023-01-26,False,active
3378,mass,SP,cidade_sp_18,2022-01-27,True,active
3379,mass,SP,cidade_sp_19,2022-03-07,False,active
3380,premium,PE,cidade_pe_20,2022-01-01,False,active
3381,mass,SP,cidade_sp_01,2022-05-15,True,active
3382,mass,SP,cidade_sp_02,2021-07-10,True,active
3383,mass,MG,cidade_mg_03,2024-01-29,False,active
3384,mass,PR,cidade_pr_04,2020-08-18,True,active
3385,premium,RJ,cidade_rj_05,2023-02-18,True,active
3386,corporate,SP,cidade_sp_06,2024-11-13,False,active
3387,mass,RS,cidade_rs_07,2023-07-25,True,active
3388,mass,PE,cidade_pe_08,2021-06-07,True,active
3389,mass,SC,cidade_sc_09,2020-12-04,False,active
3390,corporate,RJ,cidade_rj_10,2023-08-25,True,active
3391,mass,SC,cidade_sc_11,2022-07-31,True,active
3392,mass,MG,cidade_mg_12,2024-10-14,True,active
3393,mass,SP,cidade_sp_13,2022-05-02,True,inactive
3394,mass,GO,cidade_go_14,2020-04-22,False,active
3395,mass,MG,cidade_mg_15,2020-10-16,True,active
3396,corporate,SP,cidade_sp_16,2024-07-21,True,active
3397,mass,RS,cidade_rs_17,2021-04-20,True,inactive
3398,premium,MG,cidade_mg_18,2021-12-23,False,active
3399,mass,SP,cidade_sp_19,2022-10-17,True,active
3400,mass,RJ,cidade_rj_20,2023-11-01,True,active
3401,mass,GO,cidade_go_01,2021-09-04,True,active
3402,mass,PR,cidade_pr_02,2020-10-24,True,active
3403,mass,BA,cidade_ba_03,2024-11-18,False,active
3404,mass,PE,cidade_pe_04,2020-03-28,False,active
3405,mass,SP,cidade_sp_05,2023-03-05,True,active
3406,corporate,SC,cidade_sc_06,2022-01-09,True,active
3407,mass,SC,cidade_sc_07,2023-03-06,True,active
3408,mass,SP,cidade_sp_08,2022-02-04,True,active
3409,mass,SP,cidade_sp_09,2020-08-21,True,active
3410,premium,PR,cidade_pr_10,2024-01-17,True,active
3411,mass,SP,cidade_sp_11,2020-08-08,True,active
3412,mass,SP,cidade_sp_12,2024-11-20,True,inactive
3413,mass,BA,cidade_ba_13,2021-02-01,True,active
3414,premium,SP,cidade_sp_14,2024-08-13,False,active
3415,mass,MG,cidade_mg_15,2022-05-09,True,active
3416,mass,MG,cidade_mg_16,2022-03-23,False,active
3417,mass,MG,cidade_mg_17,2020-10-25,True,active
3418,mass,PR,cidade_pr_18,2022-04-01,False,active
3419,mass,PR,cidade_pr_19,2020-10-22,True,active
3420,mass,MG,cidade_mg_20,2021-10-20,False,active
3421,mass,BA,cidade_ba_01,2021-06-21,False,active
3422,premium,SP,cidade_sp_02,2023-05-23,False,active
3423,mass,BA,cidade_ba_03,2020-06-27,False,active
3424,mass,PR,cidade_pr_04,2024-06-04,False,active
3425,mass,PE,cidade_pe_05,2023-01-13,True,active
3426,mass,MG,cidade_mg_06,2021-03-28,True,active
3427,mass,RJ,cidade_rj_07,2022-12-02,True,active
3428,mass,MG,cidade_mg_08,2024-11-09,True,inactive
3429,premium,SP,cidade_sp_09,2024-08-22,True,active
3430,premium,SC,cidade_sc_10,2020-01-30,True,inactive
3431,premium,MG,cidade_mg_11,2021-04-01,False,active
3432,premium,PR,cidade_pr_12,2020-12-16,True,active
3433,mass,SP,cidade_sp_13,2022-09-27,True,active
3434,mass,MG,cidade_mg_14,2022-07-13,True,inactive
3435,mass,SP,cidade_sp_15,2021-03-02,True,active
3436,mass,SP,cidade_sp_16,2023-06-10,False,active
3437,premium,SP,cidade_sp_17,2022-12-06,False,active
3438,corporate,MG,cidade_mg_18,2024-11-14,False,active
3439,mass,RJ,cidade_rj_19,2023-08-05,True,active
3440,mass,PE,cidade_pe_20,2020-05-18,True,active
3441,premium,ES,cidade_es_01,2024-05-29,False,active
3442,mass,RJ,cidade_rj_02,2024-01-11,True,active
3443,mass,RJ,cidade_rj_03,2021-01-18,True,active
3444,premium,SP,cidade_sp_04,2021-12-25,False,active
3445,mass,SP,cidade_sp_05,2020-03-31,True,active
3446,mass,SC,cidade_sc_06,2022-12-31,True,active
3447,mass,MG,cidade_mg_07,2020-04-25,False,active
3448,mass,ES,cidade_es_08,2021-05-31,True,active
3449,corporate,SP,cidade_sp_09,2024-01-29,False,inactive
3450,premium,PE,cidade_pe_10,2021-02-21,False,inactive
3451,mass,BA,cidade_ba_11,2024-10-11,False,active
3452,mass,PE,cidade_pe_12,2021-04-25,False,active
3453,mass,SP,cidade_sp_13,2024-12-19,False,active
3454,mass,RJ,cidade_rj_14,2023-12-05,False,active
3455,mass,BA,cidade_ba_15,2020-06-27,True,active
3456,mass,RJ,cidade_rj_16,2022-10-18,False,active
3457,corporate,SP,cidade_sp_17,2023-06-09,True,active
3458,mass,MG,cidade_mg_18,2023-09-24,True,inactive
3459,premium,SP,cidade_sp_19,2023-03-04,True,active
3460,premium,SP,cidade_sp_20,2023-05-04,False,active
3461,mass,MG,cidade_mg_01,2024-11-08,True,active
3462,mass,PR,cidade_pr_02,2020-06-09,False,active
3463,mass,PR,cidade_pr_03,2020-04-08,False,active
3464,mass,BA,cidade_ba_04,2023-02-15,True,active
3465,mass,RJ,cidade_rj_05,2021-11-30,True,active
3466,mass,RS,cidade_rs_06,2021-01-19,False,active
3467,mass,RJ,cidade_rj_07,2024-10-28,True,active
3468,mass,SP,cidade_sp_08,2020-05-15,True,active
3469,mass,MG,cidade_mg_09,2023-08-28,True,active
3470,premium,SP,cidade_sp_10,2021-05-24,False,inactive
3471,corporate,PR,cidade_pr_11,2023-04-24,True,active
3472,mass,SP,cidade_sp_12,2021-05-31,True,inactive
3473,mass,GO,cidade_go_13,2024-03-10,False,active
3474,corporate,MG,cidade_mg_14,2023-10-22,False,active
3475,premium,MG,cidade_mg_15,2022-12-22,True,active
3476,corporate,RJ,cidade_rj_16,2023-12-07,True,active
3477,premium,PR,cidade_pr_17,2021-03-02,True,inactive
3478,corporate,RS,cidade_rs_18,2023-07-29,True,active
3479,mass,SP,cidade_sp_19,2022-07-06,True,active
3480,mass,SP,cidade_sp_20,2020-08-17,True,active
3481,mass,PR,cidade_pr_01,2024-09-10,True,active
3482,mass,PR,cidade_pr_02,2023-03-09,True,active
3483,mass,RJ,cidade_rj_03,2024-10-19,False,inactive
3484,mass,RS,cidade_rs_04,2020-03-28,False,active
3485,mass,BA,cidade_ba_05,2024-09-14,True,active
3486,premium,SC,cidade_sc_06,2021-02-14,True,active
3487,mass,GO,cidade_go_07,2024-12-23,True,inactive
3488,mass,RJ,cidade_rj_08,2022-06-09,False,active
3489,mass,PE,cidade_pe_09,2022-03-26,True,active
3490,mass,SP,cidade_sp_10,2022-03-17,True,active
3491,corporate,GO,cidade_go_11,2022-01-28,True,inactive
3492,mass,SC,cidade_sc_12,2022-08-18,False,inactive
3493,mass,MG,cidade_mg_13,2022-07-11,False,active
3494,mass,MG,cidade_mg_14,2024-12-02,False,active
3495,mass,SP,cidade_sp_15,2023-06-09,True,active
3496,mass,GO,cidade_go_16,2022-11-30,False,active
3497,mass,SP,cidade_sp_17,2024-07-11,False,inactive
3498,premium,PR,cidade_pr_18,2024-06-30,False,active
3499,premium,SP,cidade_sp_19,2022-01-25,True,active
3500,mass,RS,cidade_rs_20,2021-06-09,False,inactive
3501,premium,PE,cidade_pe_01,2022-09-27,True,active
3502,mass,SP,cidade_sp_02,2024-05-02,True,active
3503,mass,SP,cidade_sp_03,2021-03-11,True,active
3504,mass,SP,cidade_sp_04,2024-11-11,False,active
3505,mass,SP,cidade_sp_05,2021-05-07,True,active
3506,mass,PR,cidade_pr_06,2024-03-16,False,inactive
3507,premium,SP,cidade_sp_07,2020-10-09,False,active
3508,mass,GO,cidade_go_08,2020-09-22,True,active
3509,premium,SC,cidade_sc_09,2024-09-07,True,active
3510,mass,SP,cidade_sp_10,2023-10-18,False,inactive
3511,premium,SP,cidade_sp_11,2023-02-19,True,active
3512,mass,RJ,cidade_rj_12,2021-09-26,False,active
3513,premium,MG,cidade_mg_13,2020-12-23,True,active
3514,mass,PE,cidade_pe_14,2022-06-03,True,inactive
3515,mass,MG,cidade_mg_15,2020-10-20,True,inactive
3516,premium,RJ,cidade_rj_16,2021-09-24,False,active
3517,mass,MG,cidade_mg_17,2020-09-03,True,active
3518,mass,PE,cidade_pe_18,2020-12-31,False,active
3519,mass,PE,cidade_pe_19,2022-04-03,True,active
3520,mass,RS,cidade_rs_20,2020-08-30,True,inactive
3521,mass,PE,cidade_pe_01,2021-03-11,False,active
3522,premium,RJ,cidade_rj_02,2021-11-01,True,active
3523,mass,MG,cidade_mg_03,2020-08-25,True,active
3524,premium,PE,cidade_pe_04,2022-03-31,False,active
3525,mass,MG,cidade_mg_05,2024-08-19,False,inactive
3526,premium,SP,cidade_sp_06,2023-01-23,True,active
3527,mass,MG,cidade_mg_07,2024-05-30,True,active
3528,mass,PR,cidade_pr_08,2022-03-24,True,active
3529,mass,SP,cidade_sp_09,2022-09-22,False,active
3530,mass,SP,cidade_sp_10,2021-11-22,False,active
3531,premium,RJ,cidade_rj_11,2021-12-25,True,active
3532,mass,RJ,cidade_rj_12,2024-01-13,False,active
3533,mass,SP,cidade_sp_13,2022-12-26,False,active
3534,mass,RS,cidade_rs_14,2024-10-01,False,active
3535,corporate,SC,cidade_sc_15,2023-03-23,True,active
3536,mass,SP,cidade_sp_16,2023-08-13,True,active
3537,mass,BA,cidade_ba_17,2023-12-30,False,active
3538,mass,PR,cidade_pr_18,2021-09-10,False,inactive
3539,mass,SP,cidade_sp_19,2024-02-29,False,active
3540,premium,BA,cidade_ba_20,2021-11-29,False,active
3541,mass,MG,cidade_mg_01,2024-08-19,True,active
3542,premium,SP,cidade_sp_02,2020-03-11,True,active
3543,premium,RJ,cidade_rj_03,2021-07-17,True,active
3544,mass,MG,cidade_mg_04,2022-09-01,True,active
3545,mass,NA,cidade_sp_05,2020-07-16,True,active
3546,premium,MG,cidade_mg_06,2023-07-09,True,active
3547,mass,PE,cidade_pe_07,2023-05-31,False,inactive
3548,mass,RS,cidade_rs_08,2023-08-03,True,active
3549,mass,SP,cidade_sp_09,2023-07-17,False,active
3550,mass,SP,cidade_sp_10,2022-12-10,True,inactive
3551,premium,PR,cidade_pr_11,2023-07-12,False,active
3552,premium,RJ,cidade_rj_12,2021-01-05,False,active
3553,mass,PE,cidade_pe_13,2024-03-07,True,active
3554,mass,RS,cidade_rs_14,2024-02-20,False,active
3555,mass,SP,cidade_sp_15,2021-09-01,False,inactive
3556,premium,SP,cidade_sp_16,2020-09-20,True,active
3557,mass,MG,cidade_mg_17,2022-03-23,True,active
3558,mass,PR,cidade_pr_18,2020-02-13,True,active
3559,mass,PE,cidade_pe_19,2021-07-25,False,active
3560,mass,SP,cidade_sp_20,2022-05-21,True,active
3561,premium,RS,cidade_rs_01,2023-08-15,False,active
3562,mass,RS,cidade_rs_02,2021-08-31,True,active
3563,mass,MG,cidade_mg_03,2024-04-05,False,active
3564,mass,BA,cidade_ba_04,2024-12-26,True,active
3565,mass,BA,cidade_ba_05,2024-08-08,True,active
3566,mass,SP,cidade_sp_06,2023-04-21,True,active
3567,corporate,PR,cidade_pr_07,2021-05-01,True,active
3568,mass,MG,cidade_mg_08,2023-02-02,False,inactive
3569,premium,SP,cidade_sp_09,2021-09-11,True,active
3570,mass,RJ,cidade_rj_10,2020-02-21,True,active
3571,mass,RJ,cidade_rj_11,2021-05-28,True,active
3572,mass,MG,cidade_mg_12,2021-10-04,True,active
3573,premium,RJ,cidade_rj_13,2021-01-04,True,active
3574,mass,GO,cidade_go_14,2023-04-02,True,active
3575,premium,PR,cidade_pr_15,2022-08-16,True,active
3576,mass,SC,cidade_sc_16,2021-10-31,False,active
3577,mass,PE,cidade_pe_17,2021-08-16,False,active
3578,mass,PE,cidade_pe_18,2020-10-27,True,active
3579,mass,SP,cidade_sp_19,2024-04-12,False,active
3580,mass,RJ,cidade_rj_20,2020-01-17,False,active
3581,premium,BA,cidade_ba_01,2022-09-13,False,inactive
3582,premium,PR,cidade_pr_02,2021-03-24,True,active
3583,mass,RS,cidade_rs_03,2021-07-22,False,active
3584,mass,SP,cidade_sp_04,2021-10-23,True,active
3585,mass,SP,cidade_sp_05,2020-09-10,False,active
3586,premium,MG,cidade_mg_06,2021-09-10,True,active
3587,corporate,SP,cidade_sp_07,2024-05-15,False,active
3588,premium,SC,cidade_sc_08,2022-05-25,False,active
3589,mass,PE,cidade_pe_09,2020-06-02,True,active
3590,premium,SP,cidade_sp_10,2020-12-21,False,active
3591,premium,PE,cidade_pe_11,2022-12-26,False,active
3592,mass,MG,cidade_mg_12,2021-09-08,True,active
3593,mass,RJ,cidade_rj_13,2024-10-13,False,inactive
3594,premium,BA,cidade_ba_14,2024-01-06,True,active
3595,mass,ES,cidade_es_15,2024-03-22,False,active
3596,mass,SP,cidade_sp_16,2024-02-14,False,active
3597,premium,SP,cidade_sp_17,2020-08-02,True,active
3598,mass,SP,cidade_sp_18,2024-04-09,False,active
3599,premium,SC,cidade_sc_19,2021-06-30,True,inactive
3600,premium,MG,cidade_mg_20,2020-02-21,True,active
3601,mass,SP,cidade_sp_01,2022-11-16,True,active
3602,mass,SP,cidade_sp_02,2020-02-09,False,inactive
3603,mass,RJ,cidade_rj_03,2024-03-01,True,active
3604,premium,BA,cidade_ba_04,2024-05-04,True,active
3605,mass,BA,cidade_ba_05,2024-12-03,True,active
3606,mass,MG,cidade_mg_06,2021-10-07,True,active
3607,premium,PR,cidade_pr_07,2020-11-17,True,active
3608,mass,GO,cidade_go_08,2024-11-05,True,active
3609,mass,NA,cidade_sp_09,2023-02-25,False,active
3610,mass,SP,cidade_sp_10,2020-10-15,True,inactive
3611,mass,SP,cidade_sp_11,2023-06-14,True,active
3612,mass,SP,cidade_sp_12,2022-06-21,True,active
3613,mass,SC,cidade_sc_13,2021-12-08,True,active
3614,mass,RS,cidade_rs_14,2021-11-30,False,active
3615,mass,RJ,cidade_rj_15,2020-11-21,True,active
3616,mass,PR,cidade_pr_16,2022-06-19,False,active
3617,premium,RJ,cidade_rj_17,2022-10-22,True,active
3618,mass,BA,cidade_ba_18,2023-10-26,True,active
3619,mass,GO,cidade_go_19,2022-05-02,True,active
3620,mass,PR,cidade_pr_20,2024-04-04,True,active
3621,mass,SP,cidade_sp_01,2021-03-18,True,active
3622,mass,BA,cidade_ba_02,2021-12-08,False,active
3623,mass,SC,cidade_sc_03,2023-01-14,True,active
3624,mass,SP,cidade_sp_04,2020-02-18,True,active
3625,corporate,SP,cidade_sp_05,2020-05-15,True,inactive
3626,mass,SP,cidade_sp_06,2024-07-23,True,active
3627,mass,BA,cidade_ba_07,2020-11-22,False,active
3628,mass,SP,cidade_sp_08,2023-10-05,True,active
3629,mass,RS,cidade_rs_09,2020-12-10,True,active
3630,mass,SP,cidade_sp_10,2024-05-14,True,active
3631,mass,SC,cidade_sc_11,2022-11-23,True,active
3632,mass,ES,cidade_es_12,2020-01-22,True,active
3633,premium,SP,cidade_sp_13,2020-12-23,True,active
3634,mass,SP,cidade_sp_14,2021-03-28,False,active
3635,premium,MG,cidade_mg_15,2020-07-26,True,active
3636,mass,SP,cidade_sp_16,2024-04-08,True,active
3637,mass,ES,cidade_es_17,2020-01-26,True,active
3638,mass,SP,cidade_sp_18,2021-12-14,True,active
3639,mass,SP,cidade_sp_19,2022-10-04,True,active
3640,mass,SC,cidade_sc_20,2022-09-13,True,active
3641,mass,GO,cidade_go_01,2022-11-15,True,active
3642,premium,NA,cidade_sp_02,2020-06-19,True,active
3643,mass,RJ,cidade_rj_03,2020-11-26,True,active
3644,mass,SP,cidade_sp_04,2021-02-19,False,active
3645,mass,SP,cidade_sp_05,2022-06-22,True,active
3646,mass,SP,cidade_sp_06,2021-07-29,False,active
3647,mass,RS,cidade_rs_07,2021-06-01,True,active
3648,mass,BA,cidade_ba_08,2024-02-13,True,active
3649,mass,MG,cidade_mg_09,2023-12-04,True,active
3650,premium,RS,cidade_rs_10,2024-06-07,False,active
3651,mass,ES,cidade_es_11,2020-05-24,True,active
3652,mass,PR,cidade_pr_12,2023-02-02,True,active
3653,mass,SP,cidade_sp_13,2024-11-01,True,active
3654,mass,MG,cidade_mg_14,2020-07-09,True,inactive
3655,premium,BA,cidade_ba_15,2023-04-26,False,active
3656,mass,PR,cidade_pr_16,2023-09-09,True,active
3657,mass,ES,cidade_es_17,2024-10-05,True,active
3658,mass,MG,cidade_mg_18,2023-07-15,False,active
3659,premium,SP,cidade_sp_19,2022-08-12,False,active
3660,mass,SC,cidade_sc_20,2023-07-20,True,active
3661,mass,RS,cidade_rs_01,2024-11-07,False,active
3662,premium,MG,cidade_mg_02,2020-07-30,True,active
3663,mass,RJ,cidade_rj_03,2020-10-18,False,active
3664,mass,GO,cidade_go_04,2021-08-15,True,active
3665,mass,BA,cidade_ba_05,2024-05-30,True,active
3666,mass,SC,cidade_sc_06,2023-09-19,True,active
3667,premium,RS,cidade_rs_07,2023-03-07,True,active
3668,mass,RS,cidade_rs_08,2024-06-04,True,active
3669,mass,SP,cidade_sp_09,2023-02-01,True,active
3670,mass,RJ,cidade_rj_10,2022-07-23,True,active
3671,mass,BA,cidade_ba_11,2020-07-02,True,active
3672,mass,BA,cidade_ba_12,2022-04-09,True,active
3673,mass,SP,cidade_sp_13,2023-09-22,False,active
3674,mass,PR,cidade_pr_14,2023-03-01,True,active
3675,premium,SC,cidade_sc_15,2020-09-01,True,active
3676,corporate,SC,cidade_sc_16,2022-09-17,False,active
3677,premium,SP,cidade_sp_17,2024-07-15,True,inactive
3678,mass,ES,cidade_es_18,2023-07-06,False,active
3679,premium,RJ,cidade_rj_19,2022-09-01,True,active
3680,mass,PE,cidade_pe_20,2021-02-23,True,active
3681,mass,SP,cidade_sp_01,2022-10-04,False,active
3682,mass,SP,cidade_sp_02,2023-11-30,True,active
3683,corporate,MG,cidade_mg_03,2023-04-03,True,active
3684,mass,BA,cidade_ba_04,2024-02-21,False,active
3685,mass,PR,cidade_pr_05,2023-12-22,True,active
3686,mass,MG,cidade_mg_06,2024-08-08,True,active
3687,premium,SC,cidade_sc_07,2022-02-23,False,active
3688,mass,SP,cidade_sp_08,2022-07-02,True,active
3689,premium,SP,cidade_sp_09,2023-10-12,True,active
3690,mass,PR,cidade_pr_10,2023-04-18,True,active
3691,mass,RJ,cidade_rj_11,2021-07-10,False,active
3692,mass,PE,cidade_pe_12,2022-06-10,False,active
3693,mass,BA,cidade_ba_13,2022-07-16,True,active
3694,mass,SP,cidade_sp_14,2020-03-28,True,active
3695,mass,MG,cidade_mg_15,2024-04-03,False,active
3696,premium,RS,cidade_rs_16,2022-07-02,True,active
3697,mass,SP,cidade_sp_17,2023-07-26,False,active
3698,mass,SC,cidade_sc_18,2020-09-30,True,inactive
3699,mass,SC,cidade_sc_19,2022-09-04,False,active
3700,premium,SP,cidade_sp_20,2022-01-27,True,active
3701,mass,RJ,cidade_rj_01,2024-10-16,True,active
3702,mass,SC,cidade_sc_02,2023-11-11,True,active
3703,mass,GO,cidade_go_03,2024-03-26,False,active
3704,mass,SP,cidade_sp_04,2021-02-08,False,active
3705,premium,SC,cidade_sc_05,2021-07-31,True,active
3706,mass,RS,cidade_rs_06,2021-06-09,True,active
3707,premium,RS,cidade_rs_07,2023-02-19,False,inactive
3708,mass,RJ,cidade_rj_08,2024-09-22,False,inactive
3709,corporate,GO,cidade_go_09,2024-03-13,True,active
3710,mass,SP,cidade_sp_10,2021-07-29,True,active
3711,corporate,SC,cidade_sc_11,2024-03-31,True,active
3712,mass,SP,cidade_sp_12,2021-03-16,True,active
3713,mass,PR,cidade_pr_13,2022-06-08,False,active
3714,premium,RJ,cidade_rj_14,2024-03-06,True,active
3715,mass,SP,cidade_sp_15,2020-04-17,False,inactive
3716,mass,RJ,cidade_rj_16,2020-10-03,False,active
3717,mass,SP,cidade_sp_17,2024-06-17,True,active
3718,corporate,RJ,cidade_rj_18,2020-07-24,False,active
3719,mass,PR,cidade_pr_19,2024-04-12,True,inactive
3720,mass,SP,cidade_sp_20,2023-11-09,True,active
3721,mass,SP,cidade_sp_01,2023-03-28,False,active
3722,premium,PR,cidade_pr_02,2021-07-11,True,active
3723,premium,PE,cidade_pe_03,2023-12-05,False,active
3724,premium,SP,cidade_sp_04,2022-07-01,True,active
3725,mass,PR,cidade_pr_05,2023-11-12,False,active
3726,mass,SP,cidade_sp_06,2023-07-12,True,active
3727,mass,RJ,cidade_rj_07,2022-09-04,True,active
3728,mass,PR,cidade_pr_08,2020-03-11,False,active
3729,mass,PE,cidade_pe_09,2023-04-22,False,active
3730,mass,RS,cidade_rs_10,2022-10-25,True,active
3731,mass,RJ,cidade_rj_11,2021-11-20,True,active
3732,corporate,GO,cidade_go_12,2023-03-11,True,active
3733,mass,SC,cidade_sc_13,2024-02-27,True,active
3734,mass,RJ,cidade_rj_14,2022-10-29,True,active
3735,mass,PR,cidade_pr_15,2023-07-09,False,active
3736,mass,PR,cidade_pr_16,2024-10-08,False,inactive
3737,corporate,MG,cidade_mg_17,2021-03-26,False,active
3738,mass,PR,cidade_pr_18,2023-07-25,True,active
3739,corporate,SP,cidade_sp_19,2022-01-07,True,active
3740,mass,RJ,cidade_rj_20,2022-05-25,True,active
3741,mass,PE,cidade_pe_01,2024-12-19,True,inactive
3742,premium,PE,cidade_pe_02,2024-10-07,False,active
3743,premium,SP,cidade_sp_03,2022-03-17,True,active
3744,mass,PR,cidade_pr_04,2021-10-02,True,active
3745,premium,SP,cidade_sp_05,2022-08-02,True,active
3746,mass,GO,cidade_go_06,2024-09-29,True,active
3747,mass,SP,cidade_sp_07,2024-02-13,True,active
3748,mass,PR,cidade_pr_08,2022-11-11,False,active
3749,premium,SP,cidade_sp_09,2024-01-09,False,active
3750,mass,SP,cidade_sp_10,2020-01-23,True,active
3751,mass,SP,cidade_sp_11,2020-06-29,True,active
3752,mass,RJ,cidade_rj_12,2023-10-05,True,active
3753,premium,MG,cidade_mg_13,2024-07-26,True,active
3754,mass,SP,cidade_sp_14,2021-03-22,True,active
3755,mass,BA,cidade_ba_15,2023-07-25,True,active
3756,mass,RJ,cidade_rj_16,2022-11-25,True,active
3757,mass,RJ,cidade_rj_17,2024-06-23,True,active
3758,mass,RJ,cidade_rj_18,2020-01-09,True,active
3759,premium,MG,cidade_mg_19,2020-03-31,False,active
3760,mass,RJ,cidade_rj_20,2020-05-06,False,active
3761,premium,RJ,cidade_rj_01,2020-06-10,False,active
3762,mass,MG,cidade_mg_02,2022-08-12,True,active
3763,premium,PR,cidade_pr_03,2022-03-20,False,active
3764,mass,RS,cidade_rs_04,2023-07-29,True,active
3765,mass,GO,cidade_go_05,2021-01-01,True,active
3766,mass,PR,cidade_pr_06,2024-04-17,True,active
3767,mass,MG,cidade_mg_07,2024-05-23,True,active
3768,mass,MG,cidade_mg_08,2023-11-09,True,active
3769,mass,ES,cidade_es_09,2021-10-25,False,active
3770,premium,BA,cidade_ba_10,2020-07-25,True,active
3771,mass,PE,cidade_pe_11,2021-07-19,True,active
3772,mass,SC,cidade_sc_12,2023-11-12,True,active
3773,premium,RJ,cidade_rj_13,2023-08-01,False,active
3774,premium,RJ,cidade_rj_14,2023-05-24,False,active
3775,premium,GO,cidade_go_15,2020-01-30,False,active
3776,premium,MG,cidade_mg_16,2024-08-04,False,active
3777,premium,RS,cidade_rs_17,2024-10-22,True,active
3778,mass,PE,cidade_pe_18,2021-11-16,True,active
3779,premium,SP,cidade_sp_19,2024-09-03,True,active
3780,mass,MG,cidade_mg_20,2024-12-07,True,active
3781,mass,MG,cidade_mg_01,2022-10-25,True,active
3782,premium,SC,cidade_sc_02,2024-07-10,True,inactive
3783,mass,RJ,cidade_rj_03,2022-08-29,True,active
3784,mass,SP,cidade_sp_04,2024-08-29,True,active
3785,premium,SP,cidade_sp_05,2021-08-04,True,active
3786,mass,SP,cidade_sp_06,2021-01-02,True,active
3787,mass,MG,cidade_mg_07,2023-10-22,False,active
3788,premium,MG,cidade_mg_08,2021-03-20,False,active
3789,mass,ES,cidade_es_09,2021-04-21,True,active
3790,mass,PR,cidade_pr_10,2023-12-02,True,active
3791,premium,RJ,cidade_rj_11,2020-04-08,True,active
3792,mass,SC,cidade_sc_12,2020-07-22,True,active
3793,mass,PE,cidade_pe_13,2022-12-26,True,active
3794,mass,SP,cidade_sp_14,2022-02-01,True,active
3795,mass,SP,cidade_sp_15,2022-04-28,False,active
3796,premium,SP,cidade_sp_16,2023-10-31,True,active
3797,mass,PR,cidade_pr_17,2021-03-07,True,active
3798,premium,RJ,cidade_rj_18,2024-01-21,True,inactive
3799,mass,SC,cidade_sc_19,2020-08-17,True,active
3800,premium,RJ,cidade_rj_20,2023-03-19,True,active
3801,mass,SP,cidade_sp_01,2021-03-04,False,active
3802,mass,BA,cidade_ba_02,2024-02-14,True,active
3803,mass,RJ,cidade_rj_03,2020-10-16,False,active
3804,premium,GO,cidade_go_04,2024-12-16,True,active
3805,mass,SP,cidade_sp_05,2023-08-12,False,active
3806,premium,MG,cidade_mg_06,2023-06-26,True,active
3807,mass,PE,cidade_pe_07,2023-05-04,True,active
3808,mass,RJ,cidade_rj_08,2024-01-14,True,active
3809,mass,SP,cidade_sp_09,2023-07-18,True,active
3810,mass,RJ,cidade_rj_10,2021-01-30,True,active
3811,premium,SP,cidade_sp_11,2020-02-06,False,active
3812,mass,RJ,cidade_rj_12,2022-11-07,False,active
3813,mass,PR,cidade_pr_13,2020-11-10,False,active
3814,mass,GO,cidade_go_14,2021-11-01,False,active
3815,mass,ES,cidade_es_15,2020-06-22,False,active
3816,mass,RJ,cidade_rj_16,2022-06-05,False,active
3817,premium,SP,cidade_sp_17,2023-10-31,False,active
3818,premium,RJ,cidade_rj_18,2021-08-01,True,active
3819,mass,RJ,cidade_rj_19,2020-07-28,True,active
3820,premium,SC,cidade_sc_20,2023-08-11,True,active
3821,mass,RS,cidade_rs_01,2023-05-04,True,active
3822,mass,SP,cidade_sp_02,2024-02-06,False,active
3823,premium,GO,cidade_go_03,2020-11-21,True,inactive
3824,mass,RJ,cidade_rj_04,2022-09-19,True,active
3825,premium,GO,cidade_go_05,2024-12-18,True,inactive
3826,premium,MG,cidade_mg_06,2023-03-22,True,active
3827,mass,SP,cidade_sp_07,2021-10-21,True,active
3828,mass,SP,cidade_sp_08,2023-02-12,True,active
3829,mass,MG,cidade_mg_09,2021-02-01,True,active
3830,mass,SP,cidade_sp_10,2023-07-22,True,active
3831,mass,MG,cidade_mg_11,2021-10-08,False,active
3832,mass,SC,cidade_sc_12,2023-12-21,False,active
3833,mass,NA,cidade_rj_13,2023-08-29,True,active
3834,mass,RJ,cidade_rj_14,2025-01-01,True,active
3835,mass,SP,cidade_sp_15,2022-05-16,True,active
3836,premium,RS,cidade_rs_16,2020-11-19,True,active
3837,mass,RJ,cidade_rj_17,2023-01-20,True,active
3838,premium,SP,cidade_sp_18,2024-01-08,True,active
3839,premium,RJ,cidade_rj_19,2020-02-05,False,active
3840,mass,SC,cidade_sc_20,2022-11-27,True,active
3841,mass,BA,cidade_ba_01,2021-09-07,True,active
3842,mass,RS,cidade_rs_02,2023-01-02,False,active
3843,premium,SC,cidade_sc_03,2022-02-11,True,inactive
3844,mass,MG,cidade_mg_04,2021-04-11,True,active
3845,premium,SP,cidade_sp_05,2021-01-16,True,inactive
3846,mass,MG,cidade_mg_06,2023-04-11,False,active
3847,mass,MG,cidade_mg_07,2020-09-22,True,active
3848,mass,SP,cidade_sp_08,2022-07-06,True,active
3849,mass,PR,cidade_pr_09,2020-11-22,True,active
3850,mass,RJ,cidade_rj_10,2021-12-05,True,active
3851,mass,SP,cidade_sp_11,2021-03-30,True,active
3852,mass,SP,cidade_sp_12,2023-08-02,False,active
3853,premium,RS,cidade_rs_13,2023-07-08,True,active
3854,premium,MG,cidade_mg_14,2022-12-02,True,inactive
3855,premium,PR,cidade_pr_15,2024-09-12,True,active
3856,mass,SC,cidade_sc_16,2022-03-31,False,active
3857,premium,PE,cidade_pe_17,2020-02-12,True,active
3858,mass,GO,cidade_go_18,2023-04-10,False,inactive
3859,premium,BA,cidade_ba_19,2024-04-10,True,active
3860,premium,SP,cidade_sp_20,2024-10-03,True,active
3861,mass,PR,cidade_pr_01,2023-11-16,False,inactive
3862,premium,GO,cidade_go_02,2021-09-09,False,active
3863,mass,RJ,cidade_rj_03,2024-09-23,False,active
3864,mass,SC,cidade_sc_04,2022-07-17,True,active
3865,premium,SC,cidade_sc_05,2021-01-21,True,inactive
3866,mass,SP,cidade_sp_06,2024-07-07,False,active
3867,mass,RJ,cidade_rj_07,2021-04-19,False,active
3868,mass,SP,cidade_sp_08,2020-09-26,False,active
3869,mass,PR,cidade_pr_09,2022-01-20,False,active
3870,mass,BA,cidade_ba_10,2022-08-24,True,active
3871,mass,SC,cidade_sc_11,2021-04-22,True,active
3872,mass,SP,cidade_sp_12,2023-03-06,True,active
3873,mass,MG,cidade_mg_13,2020-04-20,False,active
3874,mass,RS,cidade_rs_14,2021-02-06,True,active
3875,premium,SC,cidade_sc_15,2023-12-27,False,active
3876,mass,SP,cidade_sp_16,2021-12-22,True,active
3877,premium,SP,cidade_sp_17,2020-09-05,False,active
3878,mass,SP,cidade_sp_18,2021-05-25,True,active
3879,mass,BA,cidade_ba_19,2023-10-12,False,inactive
3880,mass,SP,cidade_sp_20,2021-04-28,False,active
3881,premium,SP,cidade_sp_01,2023-02-02,True,active
3882,mass,SP,cidade_sp_02,2021-04-07,True,active
3883,mass,SP,cidade_sp_03,2022-02-11,False,active
3884,mass,PR,cidade_pr_04,2020-10-10,True,inactive
3885,mass,SP,cidade_sp_05,2020-08-08,True,active
3886,premium,ES,cidade_es_06,2021-02-04,True,active
3887,mass,SC,cidade_sc_07,2021-09-19,False,active
3888,mass,PR,cidade_pr_08,2022-05-05,True,active
3889,mass,PE,cidade_pe_09,2022-12-13,False,active
3890,premium,RS,cidade_rs_10,2023-07-18,True,active
3891,mass,SP,cidade_sp_11,2024-01-19,True,active
3892,premium,RS,cidade_rs_12,2022-12-17,False,active
3893,mass,MG,cidade_mg_13,2024-09-20,False,active
3894,premium,SP,cidade_sp_14,2022-10-03,True,active
3895,mass,RJ,cidade_rj_15,2021-09-17,False,active
3896,premium,MG,cidade_mg_16,2022-06-16,True,active
3897,mass,SP,cidade_sp_17,2022-06-02,True,active
3898,premium,SP,cidade_sp_18,2020-12-27,True,active
3899,mass,SP,cidade_sp_19,2023-09-06,True,active
3900,mass,PR,cidade_pr_20,2024-08-28,False,active
3901,mass,MG,cidade_mg_01,2021-01-15,False,active
3902,mass,SC,cidade_sc_02,2023-12-04,True,active
3903,premium,MG,cidade_mg_03,2023-06-09,True,active
3904,mass,SP,cidade_sp_04,2024-04-18,True,active
3905,mass,SP,cidade_sp_05,2020-12-10,True,active
3906,mass,PE,cidade_pe_06,2022-02-19,True,active
3907,mass,RS,cidade_rs_07,2020-04-12,True,active
3908,mass,PR,cidade_pr_08,2024-02-28,True,active
3909,corporate,MG,cidade_mg_09,2020-03-10,True,active
3910,mass,RJ,cidade_rj_10,2023-06-24,True,active
3911,mass,SP,cidade_sp_11,2021-02-19,True,active
3912,premium,SP,cidade_sp_12,2020-02-05,True,active
3913,mass,SP,cidade_sp_13,2022-11-27,True,active
3914,mass,SP,cidade_sp_14,2024-09-07,False,active
3915,mass,SP,cidade_sp_15,2022-11-24,False,active
3916,premium,RJ,cidade_rj_16,2023-02-13,True,active
3917,premium,MG,cidade_mg_17,2022-08-12,False,active
3918,mass,SP,cidade_sp_18,2024-07-13,True,active
3919,mass,ES,cidade_es_19,2022-11-07,True,active
3920,corporate,SP,cidade_sp_20,2024-09-17,False,active
3921,corporate,SP,cidade_sp_01,2023-06-10,True,active
3922,premium,RJ,cidade_rj_02,2022-03-26,True,active
3923,mass,RJ,cidade_rj_03,2022-10-17,False,active
3924,mass,SP,cidade_sp_04,2024-01-08,False,active
3925,mass,RS,cidade_rs_05,2021-06-12,True,active
3926,mass,RJ,cidade_rj_06,2022-04-11,True,active
3927,mass,SC,cidade_sc_07,2022-07-26,False,inactive
3928,mass,GO,cidade_go_08,2024-03-24,True,active
3929,mass,SP,cidade_sp_09,2022-11-06,False,active
3930,corporate,SP,cidade_sp_10,2023-06-29,False,active
3931,premium,SP,cidade_sp_11,2021-09-10,False,active
3932,mass,BA,cidade_ba_12,2022-10-24,False,active
3933,premium,SC,cidade_sc_13,2024-03-14,False,active
3934,mass,MG,cidade_mg_14,2023-12-12,True,active
3935,premium,RS,cidade_rs_15,2021-08-27,False,active
3936,premium,GO,cidade_go_16,2021-06-25,False,active
3937,premium,SP,cidade_sp_17,2021-08-31,True,active
3938,mass,RS,cidade_rs_18,2022-11-10,True,active
3939,mass,SP,cidade_sp_19,2021-05-27,False,active
3940,mass,MG,cidade_mg_20,2024-03-02,False,active
3941,premium,RJ,cidade_rj_01,2024-07-01,True,active
3942,mass,PR,cidade_pr_02,2022-08-07,False,active
3943,premium,RJ,cidade_rj_03,2022-09-11,True,active
3944,mass,RS,cidade_rs_04,2022-04-09,True,active
3945,mass,RJ,cidade_rj_05,2024-10-30,False,active
3946,mass,PE,cidade_pe_06,2020-10-13,True,active
3947,premium,SC,cidade_sc_07,2024-02-20,True,active
3948,mass,MG,cidade_mg_08,2021-11-27,True,active
3949,mass,ES,cidade_es_09,2020-07-03,True,active
3950,mass,SP,cidade_sp_10,2021-01-01,True,active
3951,mass,RJ,cidade_rj_11,2022-03-30,True,active
3952,mass,PR,cidade_pr_12,2023-05-10,True,active
3953,mass,SC,cidade_sc_13,2023-06-01,False,active
3954,mass,RJ,cidade_rj_14,2021-02-16,True,inactive
3955,corporate,SP,cidade_sp_15,2023-02-20,False,active
3956,premium,SP,cidade_sp_16,2022-07-20,False,inactive
3957,mass,PR,cidade_pr_17,2021-10-10,False,active
3958,mass,NA,cidade_sp_18,2020-05-12,True,active
3959,corporate,BA,cidade_ba_19,2022-06-26,True,active
3960,premium,PR,cidade_pr_20,2021-11-13,False,inactive
3961,mass,RJ,cidade_rj_01,2021-04-20,True,active
3962,mass,MG,cidade_mg_02,2021-02-16,False,active
3963,mass,PE,cidade_pe_03,2020-02-07,False,active
3964,mass,SC,cidade_sc_04,2023-09-03,True,inactive
3965,mass,PR,cidade_pr_05,2020-05-06,False,active
3966,premium,PR,cidade_pr_06,2021-09-19,True,active
3967,corporate,SP,cidade_sp_07,2021-01-31,True,inactive
3968,premium,PE,cidade_pe_08,2020-11-19,True,active
3969,mass,PR,cidade_pr_09,2024-03-18,True,active
3970,mass,PE,cidade_pe_10,2021-10-07,True,active
3971,mass,MG,cidade_mg_11,2024-06-06,False,active
3972,mass,RJ,cidade_rj_12,2024-10-07,True,active
3973,mass,SP,cidade_sp_13,2022-05-12,False,active
3974,premium,MG,cidade_mg_14,2020-11-16,True,active
3975,premium,SP,cidade_sp_15,2023-08-14,True,active
3976,mass,SP,cidade_sp_16,2021-11-21,True,active
3977,mass,MG,cidade_mg_17,2024-05-11,True,active
3978,mass,PR,cidade_pr_18,2024-08-06,False,inactive
3979,mass,SP,cidade_sp_19,2020-03-08,True,active
3980,mass,RJ,cidade_rj_20,2023-08-01,True,active
3981,mass,ES,cidade_es_01,2023-07-16,False,active
3982,mass,MG,cidade_mg_02,2023-11-18,False,inactive
3983,premium,SP,cidade_sp_03,2021-03-09,False,active
3984,premium,SP,cidade_sp_04,2021-09-05,True,active
3985,premium,RJ,cidade_rj_05,2024-08-16,True,active
3986,mass,RJ,cidade_rj_06,2021-03-06,True,active
3987,mass,SC,cidade_sc_07,2023-03-30,False,active
3988,mass,SP,cidade_sp_08,2020-06-01,True,active
3989,premium,ES,cidade_es_09,2024-09-20,True,active
3990,premium,SC,cidade_sc_10,2023-12-23,True,active
3991,mass,SP,cidade_sp_11,2020-12-29,True,active
3992,premium,GO,cidade_go_12,2023-01-01,False,active
3993,mass,PR,cidade_pr_13,2020-10-17,False,active
3994,premium,NA,cidade_sp_14,2023-04-25,True,active
3995,mass,SP,cidade_sp_15,2021-09-24,True,active
3996,mass,ES,cidade_es_16,2024-08-16,True,active
3997,premium,BA,cidade_ba_17,2021-10-09,True,active
3998,premium,SC,cidade_sc_18,2021-03-24,True,active
3999,mass,RJ,cidade_rj_19,2024-03-25,True,active
4000,mass,SC,cidade_sc_20,2020-11-23,True,active
4001,mass,ES,cidade_es_01,2022-10-23,False,active
4002,mass,ES,cidade_es_02,2022-10-23,False,active
4003,mass,SP,cidade_sp_03,2021-03-21,True,active
4004,mass,SP,cidade_sp_04,2020-01-17,True,active
4005,premium,SP,cidade_sp_05,2024-10-03,True,active
4006,mass,PR,cidade_pr_06,2022-10-06,True,active
4007,mass,PR,cidade_pr_07,2020-12-29,True,active
4008,mass,SP,cidade_sp_08,2023-06-07,True,active
4009,mass,SP,cidade_sp_09,2024-01-20,True,active
4010,mass,GO,cidade_go_10,2024-08-23,False,active
4011,premium,SP,cidade_sp_11,2020-06-04,True,active
4012,mass,RS,cidade_rs_12,2021-11-06,True,active
4013,premium,MG,cidade_mg_13,2021-08-27,True,active
4014,premium,SP,cidade_sp_14,2023-04-02,True,active
4015,premium,MG,cidade_mg_15,2022-11-13,False,active
4016,premium,MG,cidade_mg_16,2024-01-26,False,active
4017,mass,PE,cidade_pe_17,2022-02-09,True,active
4018,premium,BA,cidade_ba_18,2020-05-26,True,active
4019,mass,BA,cidade_ba_19,2021-09-15,True,active
4020,premium,BA,cidade_ba_20,2022-04-13,True,active
4021,mass,PR,cidade_pr_01,2024-02-09,True,active
4022,mass,SP,cidade_sp_02,2024-01-18,False,active
4023,premium,RS,cidade_rs_03,2020-02-03,True,active
4024,mass,PE,cidade_pe_04,2024-12-12,True,active
4025,mass,ES,cidade_es_05,2020-04-29,False,inactive
4026,mass,GO,cidade_go_06,2020-01-21,True,active
4027,mass,RJ,cidade_rj_07,2023-05-17,False,active
4028,corporate,RJ,cidade_rj_08,2022-03-18,True,active
4029,premium,MG,cidade_mg_09,2024-06-16,False,active
4030,premium,RJ,cidade_rj_10,2023-11-04,True,active
4031,mass,MG,cidade_mg_11,2020-07-22,True,active
4032,mass,PR,cidade_pr_12,2020-04-24,True,active
4033,premium,PR,cidade_pr_13,2024-11-04,True,active
4034,mass,SC,cidade_sc_14,2021-11-11,True,active
4035,mass,SP,cidade_sp_15,2020-04-05,False,active
4036,mass,RS,cidade_rs_16,2023-07-14,False,active
4037,mass,BA,cidade_ba_17,2020-03-13,True,active
4038,corporate,ES,cidade_es_18,2021-05-31,True,active
4039,premium,MG,cidade_mg_19,2022-08-25,True,active
4040,mass,PR,cidade_pr_20,2024-07-10,False,inactive
4041,premium,SP,cidade_sp_01,2024-03-03,True,active
4042,mass,SP,cidade_sp_02,2022-02-17,False,active
4043,mass,SP,cidade_sp_03,2023-05-14,True,active
4044,premium,RJ,cidade_rj_04,2024-06-16,True,active
4045,premium,GO,cidade_go_05,2020-09-06,True,active
4046,mass,SP,cidade_sp_06,2022-06-22,True,active
4047,mass,PR,cidade_pr_07,2021-08-31,False,active
4048,premium,MG,cidade_mg_08,2023-02-01,True,active
4049,premium,PR,cidade_pr_09,2023-10-11,False,active
4050,mass,MG,cidade_mg_10,2024-07-25,True,active
4051,premium,BA,cidade_ba_11,2022-03-03,True,active
4052,premium,RJ,cidade_rj_12,2023-07-14,True,active
4053,mass,RJ,cidade_rj_13,2023-01-04,True,active
4054,premium,RS,cidade_rs_14,2024-04-13,True,active
4055,mass,RJ,cidade_rj_15,2020-06-21,False,active
4056,mass,SP,cidade_sp_16,2020-10-16,False,active
4057,mass,NA,cidade_pe_17,2020-09-30,True,active
4058,mass,RS,cidade_rs_18,2020-10-07,False,active
4059,mass,GO,cidade_go_19,2023-12-25,False,active
4060,premium,RS,cidade_rs_20,2021-12-12,False,active
4061,mass,SP,cidade_sp_01,2020-11-10,True,active
4062,mass,SP,cidade_sp_02,2020-12-20,True,active
4063,mass,PR,cidade_pr_03,2023-12-30,False,active
4064,mass,MG,cidade_mg_04,2024-11-12,True,active
4065,mass,SP,cidade_sp_05,2021-11-22,False,active
4066,mass,SP,cidade_sp_06,2022-02-12,False,active
4067,mass,SP,cidade_sp_07,2021-10-27,True,active
4068,mass,SC,cidade_sc_08,2024-04-22,False,active
4069,mass,RS,cidade_rs_09,2024-12-25,False,active
4070,mass,SC,cidade_sc_10,2023-12-11,True,active
4071,mass,RJ,cidade_rj_11,2021-08-27,True,active
4072,mass,SP,cidade_sp_12,2022-10-08,True,active
4073,corporate,SP,cidade_sp_13,2020-02-01,True,active
4074,mass,MG,cidade_mg_14,2020-11-09,True,active
4075,premium,SC,cidade_sc_15,2022-04-09,False,active
4076,mass,RS,cidade_rs_16,2021-03-11,True,active
4077,mass,SP,cidade_sp_17,2023-08-22,False,active
4078,mass,SP,cidade_sp_18,2020-01-24,False,active
4079,mass,MG,cidade_mg_19,2020-09-13,True,active
4080,mass,MG,cidade_mg_20,2024-01-27,True,active
4081,premium,GO,cidade_go_01,2022-05-18,True,active
4082,mass,RJ,cidade_rj_02,2023-05-26,False,inactive
4083,premium,SP,cidade_sp_03,2021-03-05,False,active
4084,mass,ES,cidade_es_04,2023-12-10,True,active
4085,mass,PE,cidade_pe_05,2024-03-01,True,active
4086,mass,PR,cidade_pr_06,2021-06-23,True,active
4087,premium,BA,cidade_ba_07,2021-11-26,False,active
4088,mass,PE,cidade_pe_08,2023-05-15,True,active
4089,mass,RJ,cidade_rj_09,2024-11-22,False,active
4090,mass,SP,cidade_sp_10,2022-01-05,False,active
4091,mass,SP,cidade_sp_11,2021-05-30,True,active
4092,mass,RJ,cidade_rj_12,2022-02-14,False,active
4093,mass,RJ,cidade_rj_13,2022-06-05,True,active
4094,premium,SP,cidade_sp_14,2021-12-03,False,active
4095,premium,SP,cidade_sp_15,2023-05-07,True,active
4096,mass,SP,cidade_sp_16,2022-11-29,True,active
4097,premium,SP,cidade_sp_17,2020-08-28,False,active
4098,mass,SP,cidade_sp_18,2021-06-22,True,active
4099,premium,SC,cidade_sc_19,2020-06-20,False,inactive
4100,premium,SC,cidade_sc_20,2023-12-09,True,inactive
4101,mass,SP,cidade_sp_01,2020-08-09,True,active
4102,mass,SP,cidade_sp_02,2021-06-02,True,active
4103,mass,GO,cidade_go_03,2024-09-05,True,active
4104,mass,GO,cidade_go_04,2022-09-04,True,active
4105,premium,GO,cidade_go_05,2023-01-22,False,active
4106,premium,PR,cidade_pr_06,2023-10-06,True,active
4107,mass,BA,cidade_ba_07,2021-08-06,True,inactive
4108,mass,SP,cidade_sp_08,2021-10-29,False,active
4109,mass,BA,cidade_ba_09,2022-08-05,False,active
4110,premium,MG,cidade_mg_10,2021-09-21,True,active
4111,mass,PR,cidade_pr_11,2020-07-29,True,active
4112,mass,MG,cidade_mg_12,2024-02-05,True,active
4113,premium,SC,cidade_sc_13,2023-09-17,True,active
4114,premium,RJ,cidade_rj_14,2023-03-26,True,active
4115,mass,RJ,cidade_rj_15,2020-04-20,True,active
4116,mass,SP,cidade_sp_16,2020-11-16,True,active
4117,mass,RJ,cidade_rj_17,2020-07-04,False,active
4118,premium,BA,cidade_ba_18,2020-04-15,False,active
4119,mass,RS,cidade_rs_19,2023-10-27,False,active
4120,mass,SC,cidade_sc_20,2020-03-08,False,active
4121,mass,GO,cidade_go_01,2021-05-22,True,active
4122,mass,MG,cidade_mg_02,2024-02-17,False,active
4123,mass,PE,cidade_pe_03,2022-03-28,False,active
4124,mass,SP,cidade_sp_04,2021-04-26,False,active
4125,mass,BA,cidade_ba_05,2023-02-28,False,active
4126,mass,RJ,cidade_rj_06,2021-08-11,True,active
4127,mass,PE,cidade_pe_07,2021-12-16,True,active
4128,premium,PE,cidade_pe_08,2022-12-20,False,inactive
4129,premium,RJ,cidade_rj_09,2024-10-02,True,active
4130,corporate,RJ,cidade_rj_10,2022-06-18,True,active
4131,mass,RJ,cidade_rj_11,2020-01-08,True,active
4132,mass,PR,cidade_pr_12,2023-08-10,True,inactive
4133,mass,RS,cidade_rs_13,2020-09-17,True,active
4134,premium,PE,cidade_pe_14,2022-02-21,True,active
4135,premium,RS,cidade_rs_15,2020-06-07,False,active
4136,mass,RJ,cidade_rj_16,2023-10-05,False,active
4137,mass,SP,cidade_sp_17,2024-01-18,False,active
4138,mass,SP,cidade_sp_18,2020-08-07,True,active
4139,mass,MG,cidade_mg_19,2020-03-03,True,active
4140,mass,BA,cidade_ba_20,2024-08-18,False,active
4141,corporate,PE,cidade_pe_01,2023-09-17,False,active
4142,mass,SP,cidade_sp_02,2024-06-18,True,active
4143,premium,PR,cidade_pr_03,2021-09-12,True,active
4144,corporate,RJ,cidade_rj_04,2020-06-28,False,active
4145,mass,RJ,cidade_rj_05,2021-07-29,True,active
4146,mass,RS,cidade_rs_06,2023-01-04,False,active
4147,mass,ES,cidade_es_07,2020-02-27,False,active
4148,mass,BA,cidade_ba_08,2024-01-23,True,inactive
4149,mass,SP,cidade_sp_09,2021-12-03,True,active
4150,mass,GO,cidade_go_10,2021-09-19,True,active
4151,mass,SC,cidade_sc_11,2020-06-26,True,active
4152,mass,MG,cidade_mg_12,2021-03-08,True,active
4153,mass,RS,cidade_rs_13,2020-08-02,True,active
4154,premium,SP,cidade_sp_14,2023-05-01,True,active
4155,premium,SP,cidade_sp_15,2022-05-21,True,inactive
4156,corporate,PE,cidade_pe_16,2022-11-19,True,active
4157,mass,RS,cidade_rs_17,2024-02-11,True,active
4158,mass,PR,cidade_pr_18,2023-12-16,False,inactive
4159,premium,GO,cidade_go_19,2021-11-30,False,active
4160,premium,SP,cidade_sp_20,2024-06-13,True,active
4161,mass,PR,cidade_pr_01,2023-02-19,True,active
4162,corporate,BA,cidade_ba_02,2022-11-04,True,active
4163,mass,SP,cidade_sp_03,2022-10-24,True,active
4164,mass,SP,cidade_sp_04,2024-08-05,False,active
4165,premium,RS,cidade_rs_05,2021-06-26,True,active
4166,corporate,SP,cidade_sp_06,2024-12-14,True,active
4167,premium,BA,cidade_ba_07,2024-09-25,True,active
4168,mass,SP,cidade_sp_08,2021-12-09,False,active
4169,mass,SP,cidade_sp_09,2022-08-24,False,inactive
4170,premium,SC,cidade_sc_10,2023-04-23,True,active
4171,mass,MG,cidade_mg_11,2023-08-19,True,active
4172,corporate,SP,cidade_sp_12,2021-04-01,True,active
4173,mass,ES,cidade_es_13,2022-07-22,False,active
4174,corporate,BA,cidade_ba_14,2022-10-08,False,active
4175,premium,SC,cidade_sc_15,2020-12-13,True,active
4176,corporate,RS,cidade_rs_16,2023-04-02,True,active
4177,premium,RJ,cidade_rj_17,2020-11-23,True,active
4178,premium,SP,cidade_sp_18,2022-10-10,False,active
4179,mass,SP,cidade_sp_19,2022-01-24,False,active
4180,corporate,RJ,cidade_rj_20,2020-04-13,False,active
4181,mass,RJ,cidade_rj_01,2023-09-30,True,active
4182,mass,SP,cidade_sp_02,2021-09-26,False,active
4183,mass,SP,cidade_sp_03,2020-05-10,False,active
4184,mass,SP,cidade_sp_04,2023-08-10,False,active
4185,mass,PR,cidade_pr_05,2020-05-05,True,active
4186,corporate,MG,cidade_mg_06,2021-08-24,False,inactive
4187,mass,MG,cidade_mg_07,2022-12-22,False,active
4188,mass,MG,cidade_mg_08,2021-03-28,True,inactive
4189,mass,SP,cidade_sp_09,2021-06-08,True,active
4190,mass,SP,cidade_sp_10,2023-01-27,False,inactive
4191,mass,MG,cidade_mg_11,2021-01-16,True,active
4192,corporate,RJ,cidade_rj_12,2023-12-31,True,inactive
4193,premium,PE,cidade_pe_13,2024-06-19,True,inactive
4194,mass,SP,cidade_sp_14,2022-09-08,True,active
4195,premium,SP,cidade_sp_15,2023-12-03,True,active
4196,mass,SP,cidade_sp_16,2023-06-20,False,active
4197,mass,SC,cidade_sc_17,2024-09-11,False,active
4198,premium,PR,cidade_pr_18,2021-12-15,True,active
4199,premium,ES,cidade_es_19,2021-08-27,False,active
4200,mass,SP,cidade_sp_20,2020-08-06,True,active
4201,corporate,ES,cidade_es_01,2023-03-07,True,active
4202,corporate,SP,cidade_sp_02,2023-04-07,True,active
4203,mass,SP,cidade_sp_03,2020-04-01,True,active
4204,mass,SP,cidade_sp_04,2020-10-04,True,active
4205,mass,SP,cidade_sp_05,2021-10-28,True,active
4206,mass,RJ,cidade_rj_06,2022-05-14,True,active
4207,mass,PR,cidade_pr_07,2022-01-06,False,active
4208,premium,SP,cidade_sp_08,2023-12-29,True,active
4209,premium,MG,cidade_mg_09,2020-04-14,True,active
4210,mass,SC,cidade_sc_10,2024-02-07,True,active
4211,premium,BA,cidade_ba_11,2023-12-18,True,active
4212,mass,BA,cidade_ba_12,2021-05-17,True,active
4213,mass,GO,cidade_go_13,2021-08-25,True,active
4214,mass,MG,cidade_mg_14,2023-05-07,False,inactive
4215,mass,SP,cidade_sp_15,2021-09-15,True,active
4216,mass,SP,cidade_sp_16,2022-04-19,True,active
4217,premium,PE,cidade_pe_17,2020-08-11,True,active
4218,premium,SP,cidade_sp_18,2022-01-12,True,inactive
4219,mass,SP,cidade_sp_19,2024-06-03,False,active
4220,premium,MG,cidade_mg_20,2022-02-03,True,active
4221,mass,SP,cidade_sp_01,2021-05-18,True,active
4222,premium,RS,cidade_rs_02,2023-07-21,True,active
4223,mass,SP,cidade_sp_03,2021-08-22,True,active
4224,mass,BA,cidade_ba_04,2021-05-29,True,active
4225,premium,ES,cidade_es_05,2023-08-17,False,active
4226,premium,RJ,cidade_rj_06,2021-12-29,True,active
4227,mass,RS,cidade_rs_07,2022-10-22,True,active
4228,mass,MG,cidade_mg_08,2022-01-21,True,active
4229,premium,SP,cidade_sp_09,2024-05-08,True,active
4230,mass,ES,cidade_es_10,2022-01-22,False,active
4231,mass,MG,cidade_mg_11,2023-09-01,True,active
4232,mass,PR,cidade_pr_12,2020-01-14,False,active
4233,mass,PE,cidade_pe_13,2024-10-27,True,active
4234,mass,ES,cidade_es_14,2024-07-12,True,inactive
4235,mass,SP,cidade_sp_15,2024-09-06,True,active
4236,mass,RJ,cidade_rj_16,2020-08-08,True,inactive
4237,mass,MG,cidade_mg_17,2021-05-19,False,active
4238,mass,SP,cidade_sp_18,2022-10-03,True,inactive
4239,mass,MG,cidade_mg_19,2021-01-09,False,active
4240,mass,RJ,cidade_rj_20,2022-02-01,True,active
4241,mass,MG,cidade_mg_01,2020-09-07,True,active
4242,corporate,SP,cidade_sp_02,2021-07-29,True,active
4243,mass,SP,cidade_sp_03,2022-07-11,True,active
4244,mass,GO,cidade_go_04,2021-01-28,False,active
4245,mass,RS,cidade_rs_05,2023-05-24,True,active
4246,mass,SP,cidade_sp_06,2020-12-23,True,active
4247,premium,BA,cidade_ba_07,2022-10-03,True,active
4248,premium,SP,cidade_sp_08,2023-02-23,False,active
4249,mass,SP,cidade_sp_09,2020-10-11,True,inactive
4250,mass,SC,cidade_sc_10,2022-07-07,True,active
4251,mass,SP,cidade_sp_11,2021-11-02,False,active
4252,mass,MG,cidade_mg_12,2024-03-30,False,inactive
4253,premium,SP,cidade_sp_13,2020-08-27,False,active
4254,premium,SP,cidade_sp_14,2024-03-21,True,active
4255,premium,MG,cidade_mg_15,2023-12-31,True,active
4256,mass,ES,cidade_es_16,2022-03-07,True,active
4257,mass,SP,cidade_sp_17,2022-11-21,True,active
4258,mass,RJ,cidade_rj_18,2022-10-12,True,active
4259,premium,SC,cidade_sc_19,2023-06-06,False,active
4260,mass,MG,cidade_mg_20,2024-07-28,False,active
4261,premium,RJ,cidade_rj_01,2023-03-31,True,active
4262,mass,SP,cidade_sp_02,2024-08-04,False,active
4263,mass,BA,cidade_ba_03,2021-03-25,True,active
4264,mass,SP,cidade_sp_04,2020-08-11,False,active
4265,premium,RJ,cidade_rj_05,2022-06-28,False,active
4266,mass,RS,cidade_rs_06,2021-08-10,False,active
4267,mass,SP,cidade_sp_07,2022-02-22,False,active
4268,mass,GO,cidade_go_08,2021-12-14,False,active
4269,premium,BA,cidade_ba_09,2020-09-18,True,active
4270,corporate,SC,cidade_sc_10,2022-10-02,True,active
4271,mass,SC,cidade_sc_11,2021-11-04,True,active
4272,mass,RS,cidade_rs_12,2020-12-02,True,active
4273,mass,SP,cidade_sp_13,2023-01-20,True,active
4274,mass,RJ,cidade_rj_14,2024-06-17,False,inactive
4275,mass,SP,cidade_sp_15,2023-11-26,True,active
4276,mass,SP,cidade_sp_16,2022-07-03,True,active
4277,mass,SP,cidade_sp_17,2024-03-31,False,active
4278,premium,RJ,cidade_rj_18,2022-06-17,True,active
4279,mass,SP,cidade_sp_19,2022-06-11,True,active
4280,mass,SP,cidade_sp_20,2021-12-06,True,active
4281,mass,PR,cidade_pr_01,2021-09-17,False,inactive
4282,premium,ES,cidade_es_02,2022-02-25,True,active
4283,premium,RJ,cidade_rj_03,2023-03-02,False,active
4284,mass,SP,cidade_sp_04,2021-06-22,True,active
4285,mass,SP,cidade_sp_05,2023-05-12,True,active
4286,mass,GO,cidade_go_06,2020-03-15,False,active
4287,mass,SC,cidade_sc_07,2022-03-22,True,active
4288,mass,SC,cidade_sc_08,2022-05-07,True,active
4289,mass,PE,cidade_pe_09,2022-01-20,True,active
4290,premium,MG,cidade_mg_10,2021-09-03,True,active
4291,mass,PE,cidade_pe_11,2023-05-18,True,active
4292,mass,SP,cidade_sp_12,2023-11-22,True,active
4293,mass,ES,cidade_es_13,2022-02-04,True,active
4294,mass,SP,cidade_sp_14,2023-01-07,True,active
4295,mass,SC,cidade_sc_15,2023-06-05,True,active
4296,mass,GO,cidade_go_16,2021-02-21,False,active
4297,mass,BA,cidade_ba_17,2023-01-31,False,active
4298,corporate,SP,cidade_sp_18,2023-01-12,False,active
4299,premium,PE,cidade_pe_19,2020-12-29,False,active
4300,mass,PR,cidade_pr_20,2021-12-19,False,active
4301,mass,SP,cidade_sp_01,2021-02-21,False,active
4302,premium,ES,cidade_es_02,2024-11-27,True,active
4303,premium,ES,cidade_es_03,2024-02-22,True,active
4304,mass,SC,cidade_sc_04,2021-12-24,True,active
4305,mass,SP,cidade_sp_05,2024-08-07,True,active
4306,mass,ES,cidade_es_06,2022-01-13,True,active
4307,corporate,SP,cidade_sp_07,2022-10-01,True,active
4308,mass,SC,cidade_sc_08,2023-08-01,False,active
4309,premium,MG,cidade_mg_09,2022-10-30,False,active
4310,mass,BA,cidade_ba_10,2023-11-05,True,active
4311,premium,BA,cidade_ba_11,2021-02-21,False,active
4312,corporate,RJ,cidade_rj_12,2021-09-15,False,active
4313,mass,SP,cidade_sp_13,2023-04-25,False,active
4314,mass,PR,cidade_pr_14,2023-08-19,False,active
4315,mass,SP,cidade_sp_15,2022-06-24,True,active
4316,mass,MG,cidade_mg_16,2022-10-12,True,active
4317,mass,RJ,cidade_rj_17,2022-08-31,False,inactive
4318,mass,SP,cidade_sp_18,2023-09-05,False,active
4319,mass,SP,cidade_sp_19,2021-08-06,False,active
4320,mass,PR,cidade_pr_20,2024-12-23,True,active
4321,premium,BA,cidade_ba_01,2024-01-27,True,active
4322,mass,SP,cidade_sp_02,2024-09-08,False,active
4323,premium,RJ,cidade_rj_03,2021-02-14,True,inactive
4324,mass,RS,cidade_rs_04,2022-03-16,True,active
4325,mass,SP,cidade_sp_05,2024-01-13,True,active
4326,mass,PE,cidade_pe_06,2021-09-28,True,active
4327,premium,GO,cidade_go_07,2020-11-10,True,active
4328,mass,SP,cidade_sp_08,2022-06-11,True,active
4329,mass,SP,cidade_sp_09,2021-09-21,False,inactive
4330,mass,SP,cidade_sp_10,2024-02-25,False,active
4331,corporate,SP,cidade_sp_11,2024-10-16,True,active
4332,mass,MG,cidade_mg_12,2020-02-08,True,active
4333,mass,ES,cidade_es_13,2024-07-12,False,active
4334,mass,SP,cidade_sp_14,2021-02-05,False,active
4335,mass,SP,cidade_sp_15,2024-02-22,True,active
4336,corporate,SP,cidade_sp_16,2020-07-13,False,active
4337,premium,SP,cidade_sp_17,2024-12-27,True,active
4338,mass,PR,cidade_pr_18,2024-01-12,True,active
4339,mass,SC,cidade_sc_19,2021-03-01,True,active
4340,mass,SP,cidade_sp_20,2020-10-10,False,active
4341,mass,RJ,cidade_rj_01,2021-12-09,True,active
4342,mass,PR,cidade_pr_02,2024-12-05,False,active
4343,mass,MG,cidade_mg_03,2024-11-16,True,active
4344,mass,MG,cidade_mg_04,2021-03-28,True,active
4345,corporate,SP,cidade_sp_05,2022-02-22,True,inactive
4346,mass,NA,cidade_rs_06,2022-07-28,True,inactive
4347,mass,SC,cidade_sc_07,2024-05-24,True,active
4348,mass,SC,cidade_sc_08,2023-02-07,True,inactive
4349,premium,MG,cidade_mg_09,2024-12-26,True,active
4350,mass,SC,cidade_sc_10,2020-11-05,True,active
4351,mass,RJ,cidade_rj_11,2021-10-17,False,active
4352,mass,SP,cidade_sp_12,2021-09-04,True,active
4353,mass,MG,cidade_mg_13,2024-05-09,True,active
4354,mass,MG,cidade_mg_14,2024-03-11,True,active
4355,mass,SP,cidade_sp_15,2023-07-08,True,active
4356,mass,SP,cidade_sp_16,2021-04-30,True,active
4357,mass,SP,cidade_sp_17,2024-05-23,True,active
4358,mass,RS,cidade_rs_18,2021-08-19,False,active
4359,mass,MG,cidade_mg_19,2022-08-04,False,active
4360,premium,RJ,cidade_rj_20,2021-05-03,True,active
4361,premium,PE,cidade_pe_01,2023-06-09,True,active
4362,mass,RJ,cidade_rj_02,2024-11-23,True,active
4363,mass,SP,cidade_sp_03,2020-06-08,True,active
4364,premium,SP,cidade_sp_04,2022-03-09,True,active
4365,premium,BA,cidade_ba_05,2024-12-30,False,active
4366,mass,SP,cidade_sp_06,2023-05-20,True,active
4367,mass,SP,cidade_sp_07,2020-09-13,False,active
4368,mass,SC,cidade_sc_08,2024-05-14,True,active
4369,mass,RJ,cidade_rj_09,2021-02-06,True,active
4370,mass,MG,cidade_mg_10,2020-03-18,False,inactive
4371,mass,PE,cidade_pe_11,2021-05-30,True,active
4372,corporate,MG,cidade_mg_12,2022-08-23,False,active
4373,premium,SP,cidade_sp_13,2024-02-16,False,active
4374,premium,MG,cidade_mg_14,2020-10-25,True,active
4375,mass,SP,cidade_sp_15,2024-10-13,False,active
4376,mass,RJ,cidade_rj_16,2023-08-08,True,active
4377,mass,RJ,cidade_rj_17,2022-08-21,True,active
4378,mass,GO,cidade_go_18,2023-04-07,True,active
4379,mass,RJ,cidade_rj_19,2024-05-19,True,active
4380,corporate,SP,cidade_sp_20,2020-03-19,True,active
4381,premium,SP,cidade_sp_01,2020-07-25,False,active
4382,mass,PR,cidade_pr_02,2022-09-28,False,inactive
4383,premium,SC,cidade_sc_03,2022-03-27,True,active
4384,mass,SC,cidade_sc_04,2021-01-14,True,active
4385,mass,RJ,cidade_rj_05,2022-03-02,True,active
4386,mass,MG,cidade_mg_06,2022-03-16,False,inactive
4387,premium,RJ,cidade_rj_07,2023-12-06,True,inactive
4388,premium,PR,cidade_pr_08,2021-12-02,False,active
4389,mass,PR,cidade_pr_09,2020-09-20,False,active
4390,mass,SP,cidade_sp_10,2023-07-17,False,active
4391,mass,RJ,cidade_rj_11,2023-03-02,False,active
4392,mass,SP,cidade_sp_12,2020-10-21,False,active
4393,mass,PE,cidade_pe_13,2022-08-31,True,active
4394,premium,PR,cidade_pr_14,2021-01-26,True,active
4395,mass,PR,cidade_pr_15,2021-07-16,False,active
4396,mass,RS,cidade_rs_16,2020-07-28,True,active
4397,mass,RJ,cidade_rj_17,2024-08-17,True,active
4398,premium,PE,cidade_pe_18,2020-03-23,True,active
4399,mass,SC,cidade_sc_19,2020-12-22,True,active
4400,mass,SP,cidade_sp_20,2022-01-02,True,active
4401,mass,RJ,cidade_rj_01,2023-06-30,True,inactive
4402,mass,SP,cidade_sp_02,2024-08-31,True,inactive
4403,mass,PR,cidade_pr_03,2023-08-22,True,active
4404,mass,RJ,cidade_rj_04,2022-01-08,True,active
4405,premium,MG,cidade_mg_05,2023-02-15,True,active
4406,mass,BA,cidade_ba_06,2022-05-23,True,active
4407,mass,BA,cidade_ba_07,2021-04-30,False,active
4408,mass,SP,cidade_sp_08,2020-09-06,True,active
4409,premium,SP,cidade_sp_09,2021-03-08,True,active
4410,mass,SP,cidade_sp_10,2024-10-27,True,active
4411,mass,RJ,cidade_rj_11,2021-09-14,False,active
4412,mass,RJ,cidade_rj_12,2021-11-11,False,active
4413,mass,PE,cidade_pe_13,2020-07-06,True,inactive
4414,mass,MG,cidade_mg_14,2023-03-09,False,active
4415,corporate,SP,cidade_sp_15,2022-12-01,True,active
4416,mass,SP,cidade_sp_16,2020-12-29,True,active
4417,corporate,MG,cidade_mg_17,2021-07-21,False,active
4418,mass,SP,cidade_sp_18,2022-09-08,True,inactive
4419,mass,GO,cidade_go_19,2020-12-05,False,active
4420,mass,PR,cidade_pr_20,2024-03-20,False,active
4421,mass,BA,cidade_ba_01,2022-01-24,False,active
4422,mass,RS,cidade_rs_02,2023-08-22,True,inactive
4423,mass,MG,cidade_mg_03,2024-10-20,False,active
4424,mass,BA,cidade_ba_04,2021-05-16,True,active
4425,mass,SP,cidade_sp_05,2024-10-23,False,inactive
4426,mass,PR,cidade_pr_06,2022-09-14,False,inactive
4427,premium,GO,cidade_go_07,2024-09-14,True,active
4428,mass,MG,cidade_mg_08,2022-01-10,True,active
4429,mass,SP,cidade_sp_09,2023-05-31,True,active
4430,mass,SP,cidade_sp_10,2023-07-19,False,active
4431,mass,BA,cidade_ba_11,2024-11-08,False,active
4432,mass,PE,cidade_pe_12,2022-10-06,True,active
4433,mass,RS,cidade_rs_13,2020-07-12,True,active
4434,mass,RS,cidade_rs_14,2023-02-13,True,active
4435,mass,SP,cidade_sp_15,2021-09-28,False,active
4436,mass,SP,cidade_sp_16,2023-11-22,False,active
4437,mass,RJ,cidade_rj_17,2021-06-18,False,active
4438,mass,SP,cidade_sp_18,2022-01-09,True,active
4439,mass,PE,cidade_pe_19,2021-08-14,True,active
4440,premium,MG,cidade_mg_20,2023-12-20,True,active
4441,premium,PR,cidade_pr_01,2022-01-16,True,active
4442,mass,RS,cidade_rs_02,2020-08-21,True,active
4443,mass,SP,cidade_sp_03,2024-02-04,True,active
4444,premium,GO,cidade_go_04,2020-05-14,False,active
4445,mass,SP,cidade_sp_05,2021-12-06,True,active
4446,mass,BA,cidade_ba_06,2020-05-02,True,active
4447,mass,PR,cidade_pr_07,2021-09-25,False,active
4448,corporate,BA,cidade_ba_08,2020-07-23,False,active
4449,mass,SC,cidade_sc_09,2023-05-10,True,active
4450,mass,MG,cidade_mg_10,2023-12-31,True,active
4451,premium,RJ,cidade_rj_11,2024-04-04,False,active
4452,corporate,SP,cidade_sp_12,2022-11-30,True,active
4453,premium,RJ,cidade_rj_13,2024-08-19,True,active
4454,mass,MG,cidade_mg_14,2023-05-01,False,active
4455,mass,MG,cidade_mg_15,2022-10-02,False,active
4456,mass,BA,cidade_ba_16,2022-05-15,False,active
4457,mass,SP,cidade_sp_17,2022-08-07,True,active
4458,mass,RJ,cidade_rj_18,2021-03-20,False,active
4459,premium,RJ,cidade_rj_19,2020-07-15,True,active
4460,mass,MG,cidade_mg_20,2023-01-11,True,active
4461,mass,RJ,cidade_rj_01,2021-10-12,True,active
4462,corporate,GO,cidade_go_02,2022-12-11,False,active
4463,mass,MG,cidade_mg_03,2022-06-09,True,active
4464,mass,PR,cidade_pr_04,2020-09-24,False,active
4465,mass,PE,cidade_pe_05,2022-08-28,True,active
4466,mass,SP,cidade_sp_06,2022-04-12,False,active
4467,mass,PR,cidade_pr_07,2023-08-20,False,active
4468,mass,PR,cidade_pr_08,2024-02-11,True,active
4469,mass,SP,cidade_sp_09,2023-08-26,False,inactive
4470,mass,RS,cidade_rs_10,2023-04-23,False,active
4471,mass,SP,cidade_sp_11,2020-01-12,True,inactive
4472,premium,SC,cidade_sc_12,2022-11-06,False,active
4473,mass,PR,cidade_pr_13,2021-09-26,False,active
4474,mass,MG,cidade_mg_14,2021-03-27,True,active
4475,mass,SP,cidade_sp_15,2024-01-11,True,active
4476,mass,SC,cidade_sc_16,2023-06-13,True,active
4477,mass,PR,cidade_pr_17,2022-02-21,True,active
4478,mass,PE,cidade_pe_18,2023-03-05,False,active
4479,premium,PE,cidade_pe_19,2021-04-28,False,active
4480,mass,RJ,cidade_rj_20,2022-04-17,True,inactive
4481,mass,RJ,cidade_rj_01,2023-06-08,True,inactive
4482,mass,ES,cidade_es_02,2024-08-31,True,active
4483,mass,SP,cidade_sp_03,2020-07-30,True,active
4484,corporate,SP,cidade_sp_04,2023-07-16,False,active
4485,mass,RS,cidade_rs_05,2022-04-11,False,active
4486,corporate,MG,cidade_mg_06,2021-12-14,True,active
4487,mass,SP,cidade_sp_07,2022-03-18,False,active
4488,mass,RJ,cidade_rj_08,2023-09-20,True,active
4489,mass,RJ,cidade_rj_09,2022-07-16,True,inactive
4490,premium,SC,cidade_sc_10,2021-12-25,True,active
4491,mass,SP,cidade_sp_11,2024-01-24,True,active
4492,mass,SP,cidade_sp_12,2023-04-01,True,active
4493,mass,ES,cidade_es_13,2022-10-27,False,active
4494,premium,SP,cidade_sp_14,2024-03-05,False,inactive
4495,mass,SC,cidade_sc_15,2024-05-30,True,active
4496,mass,SP,cidade_sp_16,2024-05-01,True,active
4497,mass,SP,cidade_sp_17,2023-07-26,True,active
4498,mass,SP,cidade_sp_18,2020-03-25,True,active
4499,mass,SC,cidade_sc_19,2022-02-10,False,active
4500,mass,BA,cidade_ba_20,2021-01-10,True,active
4501,mass,MG,cidade_mg_01,2021-03-21,False,active
4502,mass,RJ,cidade_rj_02,2023-01-26,False,active
4503,premium,GO,cidade_go_03,2020-02-24,True,active
4504,premium,PE,cidade_pe_04,2024-11-06,False,active
4505,mass,SC,cidade_sc_05,2021-08-14,True,active
4506,mass,PR,cidade_pr_06,2022-11-21,True,active
4507,premium,SP,cidade_sp_07,2024-06-11,True,active
4508,mass,SP,cidade_sp_08,2020-02-15,True,active
4509,corporate,SC,cidade_sc_09,2022-07-11,True,active
4510,mass,SP,cidade_sp_10,2024-10-26,True,active
4511,premium,RS,cidade_rs_11,2021-09-29,True,active
4512,mass,RS,cidade_rs_12,2024-04-24,True,active
4513,mass,RS,cidade_rs_13,2020-11-06,True,active
4514,mass,BA,cidade_ba_14,2020-10-18,False,active
4515,mass,BA,cidade_ba_15,2020-02-15,False,active
4516,mass,SP,cidade_sp_16,2024-08-15,False,active
4517,mass,SC,cidade_sc_17,2021-11-22,True,active
4518,premium,RS,cidade_rs_18,2023-06-08,False,active
4519,mass,MG,cidade_mg_19,2023-09-28,True,active
4520,mass,SP,cidade_sp_20,2023-03-20,False,active
4521,mass,SP,cidade_sp_01,2023-04-14,False,active
4522,mass,RJ,cidade_rj_02,2023-09-10,True,active
4523,premium,BA,cidade_ba_03,2022-05-29,True,active
4524,mass,RJ,cidade_rj_04,2022-06-28,True,inactive
4525,mass,BA,cidade_ba_05,2020-06-22,True,inactive
4526,premium,SC,cidade_sc_06,2022-08-13,True,active
4527,premium,RJ,cidade_rj_07,2021-04-01,False,active
4528,mass,MG,cidade_mg_08,2021-08-19,True,active
4529,corporate,MG,cidade_mg_09,2024-03-10,True,active
4530,mass,MG,cidade_mg_10,2020-09-08,True,active
4531,mass,SP,cidade_sp_11,2021-06-02,True,active
4532,mass,BA,cidade_ba_12,2023-12-27,True,active
4533,premium,SC,cidade_sc_13,2023-07-31,False,active
4534,mass,PR,cidade_pr_14,2024-12-10,True,active
4535,premium,RJ,cidade_rj_15,2021-03-19,False,active
4536,premium,RJ,cidade_rj_16,2021-08-31,False,active
4537,mass,SP,cidade_sp_17,2021-03-08,True,active
4538,mass,MG,cidade_mg_18,2020-08-01,True,active
4539,mass,NA,cidade_pe_19,2023-02-18,True,active
4540,premium,RS,cidade_rs_20,2022-08-11,True,active
4541,mass,SC,cidade_sc_01,2020-04-04,False,active
4542,mass,RS,cidade_rs_02,2021-07-25,True,active
4543,premium,PE,cidade_pe_03,2020-08-16,True,active
4544,mass,BA,cidade_ba_04,2022-11-13,True,active
4545,mass,PR,cidade_pr_05,2022-11-23,True,active
4546,mass,PR,cidade_pr_06,2024-10-15,False,inactive
4547,mass,MG,cidade_mg_07,2021-10-26,False,inactive
4548,mass,MG,cidade_mg_08,2021-08-16,False,active
4549,mass,RS,cidade_rs_09,2024-12-16,True,active
4550,mass,SP,cidade_sp_10,2020-01-09,True,active
4551,premium,SP,cidade_sp_11,2020-12-09,True,active
4552,mass,MG,cidade_mg_12,2022-11-28,True,active
4553,mass,SP,cidade_sp_13,2023-08-17,False,active
4554,mass,PE,cidade_pe_14,2024-08-22,False,active
4555,premium,PR,cidade_pr_15,2021-03-13,True,active
4556,premium,PR,cidade_pr_16,2022-02-28,True,active
4557,corporate,SP,cidade_sp_17,2020-08-16,False,active
4558,premium,PR,cidade_pr_18,2023-04-21,False,active
4559,mass,MG,cidade_mg_19,2021-01-30,True,active
4560,mass,SP,cidade_sp_20,2023-07-10,True,active
4561,mass,RS,cidade_rs_01,2022-09-03,True,active
4562,mass,SC,cidade_sc_02,2023-11-09,False,active
4563,mass,MG,cidade_mg_03,2021-12-04,True,active
4564,premium,SC,cidade_sc_04,2024-06-12,True,active
4565,mass,ES,cidade_es_05,2024-02-04,True,active
4566,mass,BA,cidade_ba_06,2023-06-16,False,active
4567,mass,RJ,cidade_rj_07,2022-02-24,False,inactive
4568,premium,MG,cidade_mg_08,2020-04-03,True,active
4569,mass,SP,cidade_sp_09,2023-04-24,True,inactive
4570,mass,MG,cidade_mg_10,2023-07-12,False,active
4571,premium,BA,cidade_ba_11,2021-12-10,True,active
4572,premium,PR,cidade_pr_12,2022-05-16,True,active
4573,mass,SP,cidade_sp_13,2024-05-30,False,active
4574,mass,BA,cidade_ba_14,2020-11-19,False,active
4575,premium,SP,cidade_sp_15,2021-03-25,False,active
4576,mass,SC,cidade_sc_16,2024-12-07,True,active
4577,mass,RS,cidade_rs_17,2021-01-13,True,active
4578,mass,PR,cidade_pr_18,2020-02-11,True,active
4579,mass,RJ,cidade_rj_19,2020-03-23,True,active
4580,mass,RJ,cidade_rj_20,2021-07-21,True,active
4581,mass,RJ,cidade_rj_01,2022-10-11,False,active
4582,premium,RS,cidade_rs_02,2023-01-02,False,active
4583,mass,RJ,cidade_rj_03,2021-09-02,False,active
4584,mass,BA,cidade_ba_04,2022-04-28,True,active
4585,corporate,RJ,cidade_rj_05,2021-08-01,True,active
4586,mass,SP,cidade_sp_06,2024-02-12,False,active
4587,premium,RJ,cidade_rj_07,2021-08-16,False,active
4588,mass,SP,cidade_sp_08,2023-09-16,True,active
4589,mass,GO,cidade_go_09,2021-11-14,False,active
4590,mass,RJ,cidade_rj_10,2021-01-18,False,active
4591,mass,MG,cidade_mg_11,2022-02-24,True,active
4592,mass,MG,cidade_mg_12,2021-09-03,True,active
4593,premium,RS,cidade_rs_13,2023-09-12,False,active
4594,mass,RJ,cidade_rj_14,2020-11-23,False,active
4595,mass,PE,cidade_pe_15,2023-02-09,True,active
4596,premium,SC,cidade_sc_16,2022-02-15,True,inactive
4597,mass,RS,cidade_rs_17,2020-08-08,False,active
4598,mass,GO,cidade_go_18,2024-05-11,True,active
4599,mass,PR,cidade_pr_19,2023-10-11,False,active
4600,mass,PE,cidade_pe_20,2020-10-13,True,active
4601,mass,PR,cidade_pr_01,2024-12-26,True,active
4602,mass,PE,cidade_pe_02,2022-09-11,False,active
4603,mass,MG,cidade_mg_03,2022-07-30,True,active
4604,mass,SP,cidade_sp_04,2023-05-06,True,inactive
4605,mass,RJ,cidade_rj_05,2023-12-19,False,active
4606,mass,SP,cidade_sp_06,2020-09-16,True,active
4607,premium,PR,cidade_pr_07,2024-05-09,True,active
4608,mass,PE,cidade_pe_08,2024-12-26,True,active
4609,premium,RJ,cidade_rj_09,2021-04-10,True,active
4610,mass,MG,cidade_mg_10,2020-07-21,True,active
4611,premium,SP,cidade_sp_11,2023-08-29,True,active
4612,mass,SP,cidade_sp_12,2020-12-21,True,active
4613,mass,SP,cidade_sp_13,2020-10-28,True,active
4614,mass,SP,cidade_sp_14,2021-04-30,True,active
4615,mass,SP,cidade_sp_15,2024-05-08,False,active
4616,premium,MG,cidade_mg_16,2023-12-03,True,active
4617,premium,PE,cidade_pe_17,2020-05-06,False,active
4618,mass,SP,cidade_sp_18,2020-12-07,True,inactive
4619,mass,SP,cidade_sp_19,2021-03-04,True,active
4620,premium,RJ,cidade_rj_20,2022-02-15,True,active
4621,premium,NA,cidade_sp_01,2020-02-13,False,active
4622,mass,SP,cidade_sp_02,2021-02-10,True,active
4623,mass,GO,cidade_go_03,2020-10-20,True,active
4624,mass,BA,cidade_ba_04,2023-07-17,True,active
4625,mass,SP,cidade_sp_05,2022-09-20,False,active
4626,mass,RS,cidade_rs_06,2024-08-03,True,active
4627,mass,SP,cidade_sp_07,2023-09-23,False,active
4628,mass,SP,cidade_sp_08,2020-04-05,True,active
4629,mass,RS,cidade_rs_09,2020-10-01,False,active
4630,premium,BA,cidade_ba_10,2022-06-04,True,active
4631,premium,SP,cidade_sp_11,2020-01-22,False,inactive
4632,premium,MG,cidade_mg_12,2022-02-03,False,active
4633,mass,RS,cidade_rs_13,2022-10-16,True,active
4634,premium,RJ,cidade_rj_14,2023-11-26,True,active
4635,mass,SP,cidade_sp_15,2020-01-23,True,active
4636,mass,SP,cidade_sp_16,2021-03-23,True,active
4637,mass,SP,cidade_sp_17,2020-02-22,True,active
4638,mass,RS,cidade_rs_18,2023-11-11,False,active
4639,mass,RS,cidade_rs_19,2021-05-10,True,active
4640,mass,MG,cidade_mg_20,2020-07-11,True,active
4641,corporate,SP,cidade_sp_01,2023-03-07,False,active
4642,mass,PR,cidade_pr_02,2022-01-28,True,active
4643,mass,SC,cidade_sc_03,2020-05-27,True,active
4644,mass,SC,cidade_sc_04,2022-03-01,True,active
4645,mass,RS,cidade_rs_05,2021-10-08,True,active
4646,mass,SP,cidade_sp_06,2024-11-29,False,active
4647,mass,PR,cidade_pr_07,2024-05-13,False,inactive
4648,mass,PR,cidade_pr_08,2021-11-01,False,active
4649,mass,PR,cidade_pr_09,2020-02-06,True,active
4650,corporate,BA,cidade_ba_10,2021-10-12,True,active
4651,premium,PR,cidade_pr_11,2021-11-23,False,active
4652,mass,RS,cidade_rs_12,2020-01-19,True,active
4653,mass,MG,cidade_mg_13,2023-02-10,True,active
4654,mass,SC,cidade_sc_14,2024-08-30,True,active
4655,mass,RS,cidade_rs_15,2021-01-24,True,active
4656,premium,SP,cidade_sp_16,2023-09-20,False,active
4657,mass,PR,cidade_pr_17,2020-01-09,True,active
4658,premium,MG,cidade_mg_18,2022-11-23,True,active
4659,premium,SC,cidade_sc_19,2021-03-19,True,active
4660,mass,NA,cidade_ba_20,2024-01-18,False,active
4661,mass,RS,cidade_rs_01,2023-06-13,False,active
4662,mass,PR,cidade_pr_02,2021-02-15,False,active
4663,mass,SP,cidade_sp_03,2020-10-03,False,active
4664,mass,BA,cidade_ba_04,2022-01-30,True,inactive
4665,premium,SC,cidade_sc_05,2022-03-02,True,active
4666,mass,SP,cidade_sp_06,2022-07-07,True,active
4667,premium,RJ,cidade_rj_07,2023-11-21,True,active
4668,premium,SP,cidade_sp_08,2021-04-23,True,active
4669,corporate,PR,cidade_pr_09,2023-03-03,False,active
4670,mass,MG,cidade_mg_10,2024-03-10,False,active
4671,premium,BA,cidade_ba_11,2024-02-24,False,active
4672,mass,RS,cidade_rs_12,2021-05-20,True,inactive
4673,mass,SP,cidade_sp_13,2024-02-24,False,inactive
4674,mass,ES,cidade_es_14,2020-10-24,True,active
4675,mass,SC,cidade_sc_15,2024-05-18,True,active
4676,mass,RS,cidade_rs_16,2022-11-17,True,active
4677,premium,ES,cidade_es_17,2021-01-15,True,inactive
4678,mass,SP,cidade_sp_18,2020-10-15,True,active
4679,mass,PR,cidade_pr_19,2020-03-23,False,active
4680,mass,SC,cidade_sc_20,2023-07-24,False,active
4681,corporate,SP,cidade_sp_01,2022-12-02,False,active
4682,corporate,RS,cidade_rs_02,2021-12-16,True,active
4683,mass,SC,cidade_sc_03,2023-05-21,False,active
4684,mass,SP,cidade_sp_04,2021-11-27,False,active
4685,mass,MG,cidade_mg_05,2024-09-28,True,active
4686,mass,SP,cidade_sp_06,2022-12-14,False,active
4687,mass,PR,cidade_pr_07,2020-08-30,False,active
4688,premium,SP,cidade_sp_08,2021-02-06,False,active
4689,mass,MG,cidade_mg_09,2024-02-19,True,active
4690,mass,SP,cidade_sp_10,2020-12-21,False,active
4691,premium,SP,cidade_sp_11,2023-01-04,True,active
4692,mass,RJ,cidade_rj_12,2023-02-04,True,active
4693,mass,MG,cidade_mg_13,2020-05-31,True,inactive
4694,mass,RJ,cidade_rj_14,2023-11-13,False,active
4695,mass,GO,cidade_go_15,2024-10-12,True,active
4696,mass,SP,cidade_sp_16,2023-10-22,True,active
4697,mass,NA,cidade_rj_17,2022-07-07,True,active
4698,mass,SC,cidade_sc_18,2022-11-10,True,active
4699,mass,MG,cidade_mg_19,2020-07-22,False,active
4700,mass,BA,cidade_ba_20,2024-12-31,True,active
4701,premium,SP,cidade_sp_01,2023-12-29,False,active
4702,mass,PE,cidade_pe_02,2021-05-29,False,active
4703,mass,RJ,cidade_rj_03,2021-03-10,False,active
4704,mass,RS,cidade_rs_04,2023-08-30,False,active
4705,mass,RJ,cidade_rj_05,2020-01-15,True,active
4706,mass,SP,cidade_sp_06,2020-02-05,True,active
4707,mass,BA,cidade_ba_07,2020-07-24,True,active
4708,premium,PR,cidade_pr_08,2020-02-28,True,active
4709,premium,SP,cidade_sp_09,2023-08-04,False,active
4710,mass,PR,cidade_pr_10,2021-11-18,False,active
4711,mass,SP,cidade_sp_11,2022-07-25,True,active
4712,premium,NA,cidade_pr_12,2021-06-16,True,active
4713,mass,SP,cidade_sp_13,2024-06-22,False,active
4714,mass,RJ,cidade_rj_14,2024-04-03,False,active
4715,mass,MG,cidade_mg_15,2022-03-01,False,active
4716,mass,RJ,cidade_rj_16,2022-04-04,True,active
4717,premium,SC,cidade_sc_17,2022-07-01,True,active
4718,mass,MG,cidade_mg_18,2021-11-17,True,active
4719,mass,PE,cidade_pe_19,2023-02-18,True,active
4720,mass,SP,cidade_sp_20,2021-07-01,True,active
4721,mass,SP,cidade_sp_01,2020-07-15,True,active
4722,premium,RJ,cidade_rj_02,2023-01-30,True,active
4723,mass,SP,cidade_sp_03,2024-02-08,True,active
4724,mass,SP,cidade_sp_04,2024-04-03,False,active
4725,premium,SP,cidade_sp_05,2022-06-05,True,active
4726,mass,SC,cidade_sc_06,2022-11-19,True,active
4727,mass,SP,cidade_sp_07,2023-01-13,False,active
4728,mass,BA,cidade_ba_08,2023-12-17,True,active
4729,mass,SP,cidade_sp_09,2020-01-29,True,active
4730,mass,SP,cidade_sp_10,2020-12-31,True,active
4731,mass,SP,cidade_sp_11,2021-04-18,True,active
4732,mass,BA,cidade_ba_12,2024-01-17,True,active
4733,premium,PE,cidade_pe_13,2024-10-26,False,active
4734,premium,NA,cidade_mg_14,2024-12-16,True,active
4735,mass,SP,cidade_sp_15,2021-07-26,True,active
4736,premium,BA,cidade_ba_16,2021-07-22,True,active
4737,mass,RJ,cidade_rj_17,2022-12-10,True,active
4738,premium,SP,cidade_sp_18,2022-06-01,False,active
4739,mass,SC,cidade_sc_19,2024-01-10,True,active
4740,premium,SP,cidade_sp_20,2022-08-31,True,active
4741,premium,PR,cidade_pr_01,2022-05-25,True,inactive
4742,mass,PE,cidade_pe_02,2023-10-19,True,active
4743,mass,PR,cidade_pr_03,2020-03-10,True,active
4744,premium,ES,cidade_es_04,2023-01-22,True,active
4745,mass,BA,cidade_ba_05,2022-10-02,True,active
4746,mass,RJ,cidade_rj_06,2022-08-18,True,active
4747,mass,RS,cidade_rs_07,2023-01-28,True,active
4748,premium,PR,cidade_pr_08,2020-11-02,True,active
4749,mass,BA,cidade_ba_09,2021-07-24,True,active
4750,mass,PR,cidade_pr_10,2024-09-11,True,active
4751,mass,SP,cidade_sp_11,2023-03-25,True,active
4752,mass,SP,cidade_sp_12,2024-07-04,True,active
4753,mass,SP,cidade_sp_13,2020-08-05,True,active
4754,mass,SP,cidade_sp_14,2020-07-01,True,active
4755,mass,SC,cidade_sc_15,2022-08-30,True,active
4756,mass,SC,cidade_sc_16,2024-02-03,True,active
4757,mass,SP,cidade_sp_17,2022-03-05,False,inactive
4758,premium,SC,cidade_sc_18,2021-02-04,True,active
4759,mass,PR,cidade_pr_19,2024-12-26,False,active
4760,mass,PR,cidade_pr_20,2023-10-10,True,active
4761,mass,MG,cidade_mg_01,2021-04-22,True,active
4762,mass,SP,cidade_sp_02,2021-05-05,True,active
4763,mass,SP,cidade_sp_03,2020-01-08,True,active
4764,mass,SP,cidade_sp_04,2021-10-20,True,active
4765,premium,RS,cidade_rs_05,2022-04-09,True,active
4766,mass,SP,cidade_sp_06,2024-09-17,True,active
4767,premium,SP,cidade_sp_07,2022-08-19,False,active
4768,mass,PR,cidade_pr_08,2020-04-14,True,active
4769,mass,MG,cidade_mg_09,2024-09-05,True,active
4770,mass,PE,cidade_pe_10,2024-06-01,True,active
4771,premium,SP,cidade_sp_11,2020-07-26,False,inactive
4772,mass,SC,cidade_sc_12,2022-10-14,True,inactive
4773,corporate,RJ,cidade_rj_13,2020-04-19,False,active
4774,mass,RJ,cidade_rj_14,2022-12-11,True,active
4775,premium,RS,cidade_rs_15,2021-03-31,False,active
4776,mass,SP,cidade_sp_16,2020-07-29,False,inactive
4777,mass,SP,cidade_sp_17,2021-10-29,False,active
4778,premium,RJ,cidade_rj_18,2023-12-15,False,active
4779,premium,PE,cidade_pe_19,2022-03-03,True,active
4780,premium,BA,cidade_ba_20,2024-11-13,True,active
4781,premium,NA,cidade_mg_01,2024-11-14,False,inactive
4782,premium,GO,cidade_go_02,2024-04-01,True,active
4783,mass,RJ,cidade_rj_03,2020-08-04,False,inactive
4784,corporate,SC,cidade_sc_04,2021-09-04,True,inactive
4785,premium,SP,cidade_sp_05,2022-01-31,True,active
4786,mass,MG,cidade_mg_06,2022-09-23,True,active
4787,mass,SP,cidade_sp_07,2023-11-21,True,active
4788,premium,SC,cidade_sc_08,2020-03-17,False,active
4789,mass,RJ,cidade_rj_09,2023-11-01,True,active
4790,mass,MG,cidade_mg_10,2023-01-24,True,active
4791,mass,GO,cidade_go_11,2020-03-16,False,active
4792,mass,SP,cidade_sp_12,2021-01-19,True,active
4793,mass,SP,cidade_sp_13,2024-10-09,True,active
4794,mass,SC,cidade_sc_14,2023-09-20,True,active
4795,mass,RJ,cidade_rj_15,2023-11-18,True,active
4796,mass,MG,cidade_mg_16,2022-12-06,False,active
4797,mass,PR,cidade_pr_17,2022-11-04,False,inactive
4798,mass,RJ,cidade_rj_18,2021-02-10,True,active
4799,premium,SP,cidade_sp_19,2020-09-26,False,inactive
4800,premium,RJ,cidade_rj_20,2024-09-03,False,active
4801,premium,SP,cidade_sp_01,2023-07-19,True,inactive
4802,mass,RS,cidade_rs_02,2024-09-30,False,active
4803,corporate,ES,cidade_es_03,2024-03-16,True,active
4804,premium,MG,cidade_mg_04,2024-03-19,True,active
4805,mass,PR,cidade_pr_05,2021-04-20,True,active
4806,mass,SP,cidade_sp_06,2020-04-17,False,active
4807,premium,MG,cidade_mg_07,2022-01-27,True,active
4808,premium,SP,cidade_sp_08,2020-06-26,True,active
4809,mass,RS,cidade_rs_09,2020-09-29,False,inactive
4810,premium,SP,cidade_sp_10,2021-05-03,True,active
4811,mass,MG,cidade_mg_11,2021-02-19,True,active
4812,premium,RS,cidade_rs_12,2024-05-22,True,active
4813,mass,SP,cidade_sp_13,2021-06-07,True,active
4814,mass,SP,cidade_sp_14,2022-06-18,False,active
4815,premium,SP,cidade_sp_15,2020-11-28,True,active
4816,mass,PR,cidade_pr_16,2024-10-20,True,active
4817,mass,SP,cidade_sp_17,2023-04-25,True,active
4818,mass,SP,cidade_sp_18,2020-04-21,True,active
4819,premium,MG,cidade_mg_19,2020-06-09,True,active
4820,premium,SP,cidade_sp_20,2020-04-30,True,active
4821,mass,SP,cidade_sp_01,2022-01-28,True,active
4822,mass,GO,cidade_go_02,2021-10-26,False,active
4823,mass,SP,cidade_sp_03,2021-06-22,False,active
4824,mass,SP,cidade_sp_04,2024-03-22,False,active
4825,mass,SP,cidade_sp_05,2021-04-24,True,inactive
4826,premium,MG,cidade_mg_06,2023-10-28,False,active
4827,premium,PR,cidade_pr_07,2023-01-14,False,active
4828,premium,BA,cidade_ba_08,2024-01-21,True,active
4829,mass,MG,cidade_mg_09,2023-05-05,True,active
4830,mass,MG,cidade_mg_10,2024-10-19,True,active
4831,mass,NA,cidade_sp_11,2021-09-05,False,active
4832,mass,PR,cidade_pr_12,2024-03-17,True,active
4833,mass,RS,cidade_rs_13,2020-08-02,True,active
4834,mass,PR,cidade_pr_14,2022-08-18,True,inactive
4835,premium,PR,cidade_pr_15,2021-05-21,True,active
4836,mass,SC,cidade_sc_16,2022-06-13,True,active
4837,mass,SP,cidade_sp_17,2020-02-18,True,active
4838,premium,RJ,cidade_rj_18,2022-08-22,False,active
4839,mass,SP,cidade_sp_19,2021-10-01,True,active
4840,mass,PR,cidade_pr_20,2022-06-24,False,inactive
4841,corporate,SP,cidade_sp_01,2020-11-15,True,active
4842,mass,ES,cidade_es_02,2024-01-31,True,active
4843,mass,RJ,cidade_rj_03,2023-10-31,False,active
4844,mass,SC,cidade_sc_04,2020-10-06,False,inactive
4845,mass,RJ,cidade_rj_05,2020-02-28,True,active
4846,mass,PE,cidade_pe_06,2022-12-13,True,inactive
4847,mass,ES,cidade_es_07,2024-05-12,True,active
4848,mass,GO,cidade_go_08,2021-03-24,False,active
4849,mass,SP,cidade_sp_09,2020-08-25,True,active
4850,premium,GO,cidade_go_10,2024-12-21,True,active
4851,premium,SP,cidade_sp_11,2021-12-22,False,active
4852,mass,GO,cidade_go_12,2020-12-30,True,active
4853,mass,PR,cidade_pr_13,2021-02-10,False,active
4854,mass,SP,cidade_sp_14,2021-05-09,True,active
4855,mass,SP,cidade_sp_15,2020-11-16,False,active
4856,premium,PE,cidade_pe_16,2021-04-14,True,active
4857,mass,SP,cidade_sp_17,2020-09-25,False,active
4858,mass,MG,cidade_mg_18,2020-06-03,True,active
4859,mass,ES,cidade_es_19,2023-04-18,True,active
4860,mass,RJ,cidade_rj_20,2023-06-08,True,active
4861,premium,SC,cidade_sc_01,2024-06-20,False,active
4862,mass,RS,cidade_rs_02,2020-10-05,False,active
4863,premium,BA,cidade_ba_03,2022-11-06,False,active
4864,mass,ES,cidade_es_04,2024-11-06,False,active
4865,mass,SP,cidade_sp_05,2024-12-07,True,active
4866,mass,SP,cidade_sp_06,2020-05-20,False,active
4867,mass,BA,cidade_ba_07,2024-06-27,True,active
4868,corporate,SP,cidade_sp_08,2021-10-19,True,active
4869,mass,PR,cidade_pr_09,2022-06-26,True,active
4870,mass,SP,cidade_sp_10,2022-05-31,True,active
4871,mass,RS,cidade_rs_11,2024-11-15,True,active
4872,premium,MG,cidade_mg_12,2025-01-01,False,active
4873,corporate,PR,cidade_pr_13,2021-03-24,False,inactive
4874,corporate,SP,cidade_sp_14,2020-11-29,False,active
4875,mass,SP,cidade_sp_15,2022-03-03,True,active
4876,mass,RJ,cidade_rj_16,2021-09-24,True,active
4877,mass,RJ,cidade_rj_17,2020-09-25,True,active
4878,mass,ES,cidade_es_18,2020-05-02,False,active
4879,mass,SP,cidade_sp_19,2023-11-04,True,active
4880,mass,SP,cidade_sp_20,2022-10-07,True,active
4881,premium,BA,cidade_ba_01,2024-02-10,True,active
4882,mass,BA,cidade_ba_02,2024-09-23,False,active
4883,premium,RJ,cidade_rj_03,2022-11-15,True,active
4884,mass,SP,cidade_sp_04,2024-09-17,False,active
4885,premium,RJ,cidade_rj_05,2024-06-08,True,active
4886,corporate,BA,cidade_ba_06,2022-03-21,True,active
4887,premium,SP,cidade_sp_07,2024-04-05,False,active
4888,mass,SP,cidade_sp_08,2023-11-16,False,active
4889,mass,MG,cidade_mg_09,2021-05-25,False,active
4890,corporate,MG,cidade_mg_10,2024-03-20,True,active
4891,mass,SP,cidade_sp_11,2022-10-10,True,active
4892,mass,RJ,cidade_rj_12,2023-06-07,True,active
4893,mass,RS,cidade_rs_13,2021-01-10,True,active
4894,premium,SP,cidade_sp_14,2023-04-01,False,active
4895,corporate,SP,cidade_sp_15,2022-11-22,True,active
4896,premium,PR,cidade_pr_16,2020-11-07,False,active
4897,premium,RS,cidade_rs_17,2024-03-20,False,inactive
4898,corporate,SP,cidade_sp_18,2022-12-25,True,active
4899,mass,SP,cidade_sp_19,2024-01-05,True,active
4900,premium,RS,cidade_rs_20,2021-02-06,True,active
4901,mass,SC,cidade_sc_01,2023-01-15,True,active
4902,mass,MG,cidade_mg_02,2020-01-11,True,active
4903,mass,MG,cidade_mg_03,2020-10-01,False,active
4904,mass,PR,cidade_pr_04,2023-05-31,False,inactive
4905,premium,RJ,cidade_rj_05,2023-05-03,True,active
4906,premium,MG,cidade_mg_06,2023-02-09,False,active
4907,mass,SC,cidade_sc_07,2022-07-31,False,active
4908,mass,MG,cidade_mg_08,2020-05-05,False,active
4909,mass,ES,cidade_es_09,2023-02-01,False,inactive
4910,premium,SP,cidade_sp_10,2024-06-08,False,active
4911,mass,MG,cidade_mg_11,2022-03-24,False,active
4912,corporate,RJ,cidade_rj_12,2024-12-04,True,active
4913,mass,SP,cidade_sp_13,2023-06-02,True,active
4914,mass,RJ,cidade_rj_14,2020-06-12,True,active
4915,mass,PE,cidade_pe_15,2023-07-17,False,active
4916,mass,MG,cidade_mg_16,2022-04-06,True,active
4917,mass,SC,cidade_sc_17,2020-09-22,True,active
4918,premium,MG,cidade_mg_18,2021-11-28,True,inactive
4919,mass,RJ,cidade_rj_19,2021-11-21,True,active
4920,mass,SP,cidade_sp_20,2022-02-19,False,active
4921,mass,SP,cidade_sp_01,2020-04-06,True,active
4922,mass,BA,cidade_ba_02,2023-07-15,True,active
4923,mass,GO,cidade_go_03,2022-09-22,True,active
4924,mass,RJ,cidade_rj_04,2023-02-03,True,active
4925,premium,SC,cidade_sc_05,2022-10-04,True,active
4926,premium,BA,cidade_ba_06,2023-01-15,True,inactive
4927,mass,RS,cidade_rs_07,2022-09-25,False,active
4928,premium,BA,cidade_ba_08,2024-09-11,False,inactive
4929,mass,RS,cidade_rs_09,2023-05-24,False,active
4930,premium,SC,cidade_sc_10,2022-03-25,True,inactive
4931,mass,SC,cidade_sc_11,2020-08-31,True,active
4932,mass,PR,cidade_pr_12,2023-07-04,False,active
4933,premium,GO,cidade_go_13,2022-10-12,True,active
4934,mass,SP,cidade_sp_14,2024-09-29,False,active
4935,mass,SP,cidade_sp_15,2024-08-20,True,active
4936,mass,MG,cidade_mg_16,2024-11-26,False,active
4937,mass,RJ,cidade_rj_17,2023-03-19,True,active
4938,mass,SC,cidade_sc_18,2023-03-13,True,active
4939,mass,PR,cidade_pr_19,2020-07-28,False,active
4940,corporate,BA,cidade_ba_20,2022-04-10,True,inactive
4941,corporate,RS,cidade_rs_01,2024-05-03,True,active
4942,mass,PR,cidade_pr_02,2020-08-25,False,active
4943,mass,ES,cidade_es_03,2021-07-10,False,active
4944,mass,SP,cidade_sp_04,2020-04-08,False,active
4945,premium,GO,cidade_go_05,2020-03-09,True,active
4946,mass,SC,cidade_sc_06,2021-12-03,True,active
4947,corporate,SP,cidade_sp_07,2020-06-17,False,active
4948,premium,SP,cidade_sp_08,2022-11-25,False,active
4949,mass,MG,cidade_mg_09,2023-07-13,True,inactive
4950,mass,SP,cidade_sp_10,2022-09-13,False,active
4951,mass,PR,cidade_pr_11,2021-07-20,True,active
4952,mass,PR,cidade_pr_12,2020-04-19,False,active
4953,mass,SC,cidade_sc_13,2021-01-05,False,active
4954,mass,SC,cidade_sc_14,2021-07-15,False,inactive
4955,mass,SC,cidade_sc_15,2020-09-19,True,active
4956,mass,RJ,cidade_rj_16,2021-09-11,True,inactive
4957,mass,PR,cidade_pr_17,2024-04-06,True,active
4958,mass,SP,cidade_sp_18,2022-12-17,True,inactive
4959,mass,SP,cidade_sp_19,2020-01-07,False,active
4960,mass,MG,cidade_mg_20,2022-04-24,False,inactive
4961,mass,RJ,cidade_rj_01,2020-01-16,False,active
4962,premium,RJ,cidade_rj_02,2020-04-13,True,active
4963,mass,SC,cidade_sc_03,2024-01-17,True,inactive
4964,mass,RJ,cidade_rj_04,2024-09-12,False,active
4965,premium,PE,cidade_pe_05,2022-03-14,True,active
4966,premium,SP,cidade_sp_06,2020-09-20,True,inactive
4967,premium,SP,cidade_sp_07,2023-03-29,True,inactive
4968,corporate,RS,cidade_rs_08,2022-09-26,True,active
4969,mass,RJ,cidade_rj_09,2020-04-26,True,active
4970,mass,BA,cidade_ba_10,2024-08-12,False,active
4971,mass,SP,cidade_sp_11,2021-06-11,True,inactive
4972,premium,SP,cidade_sp_12,2023-11-17,True,active
4973,premium,RJ,cidade_rj_13,2022-01-16,True,inactive
4974,mass,RJ,cidade_rj_14,2023-03-06,False,active
4975,premium,SP,cidade_sp_15,2022-11-20,False,active
4976,mass,SP,cidade_sp_16,2024-09-21,True,active
4977,premium,PR,cidade_pr_17,2024-06-28,True,active
4978,mass,SP,cidade_sp_18,2020-01-18,False,active
4979,mass,RS,cidade_rs_19,2021-09-26,False,active
4980,corporate,MG,cidade_mg_20,2021-10-21,True,inactive
4981,premium,GO,cidade_go_01,2023-04-22,True,active
4982,mass,SP,cidade_sp_02,2021-02-08,True,active
4983,mass,SP,cidade_sp_03,2021-08-16,True,active
4984,mass,SP,cidade_sp_04,2023-10-29,False,active
4985,mass,SP,cidade_sp_05,2020-09-05,False,active
4986,mass,BA,cidade_ba_06,2022-04-02,True,active
4987,premium,SP,cidade_sp_07,2020-12-29,True,active
4988,premium,GO,cidade_go_08,2022-07-27,True,active
4989,mass,SP,cidade_sp_09,2022-08-13,False,active
4990,premium,SP,cidade_sp_10,2022-11-04,False,active
4991,mass,PR,cidade_pr_11,2020-09-10,True,active
4992,mass,RS,cidade_rs_12,2022-06-16,False,active
4993,mass,RJ,cidade_rj_13,2021-07-12,False,active
4994,mass,SP,cidade_sp_14,2021-09-05,True,active
4995,premium,SC,cidade_sc_15,2021-01-22,False,active
4996,premium,PE,cidade_pe_16,2020-02-28,True,active
4997,mass,SC,cidade_sc_17,2022-02-10,True,active
4998,mass,GO,cidade_go_18,2021-02-10,True,active
4999,mass,PR,cidade_pr_19,2020-03-01,True,active
5000,corporate,ES,cidade_es_20,2022-08-07,False,active
